,Open,High,Low,Close,Volume,Forcast,Forcast_Direction,Real_Direction,Result,diff_right,diff_wrong
2025-01-16,79.242,79.383,79.203,79.244,439,67.966125,null,null,null,0.0,0.0
2025-01-16,79.24,79.393,78.973,78.997,3248,68.17755,null,null,null,0.0,0.0
2025-01-16,79.003,79.227,78.916,79.112,1970,68.36559,null,null,null,0.0,0.0
2025-01-16,79.117,79.343,79.094,79.258,1219,68.54965,null,null,null,0.0,0.0
2025-01-16,79.254,79.281,79.095,79.1,639,68.72652,null,null,null,0.0,0.0
2025-01-16,79.103,79.103,78.889,78.936,1729,68.880104,null,null,null,0.0,0.0
2025-01-16,78.941,79.253,78.901,79.093,2500,69.02281,null,null,null,0.0,0.0
2025-01-16,79.097,79.215,78.966,79.07,1867,69.15124,null,null,null,0.0,0.0
2025-01-16,79.061,79.08,78.678,78.808,3893,69.25514,null,null,null,0.0,0.0
2025-01-16,78.809,78.901,78.664,78.809,2759,69.337875,null,null,null,0.0,0.0
2025-01-16,78.815,78.91,78.532,78.596,2667,69.41501,null,null,null,0.0,0.0
2025-01-16,78.601,78.605,77.924,78.029,2906,69.46261,null,null,null,0.0,0.0
2025-01-16,78.019,78.372,77.913,78.26,3549,69.50431,null,null,null,0.0,0.0
2025-01-16,78.254,78.737,78.189,78.727,4013,69.58025,null,null,null,0.0,0.0
2025-01-16,78.737,78.795,78.256,78.494,5914,69.71649,null,null,null,0.0,0.0
2025-01-16,78.497,78.533,77.658,78.048,6530,69.90836,null,null,null,0.0,0.0
2025-01-16,78.054,78.089,77.043,77.685,8216,70.01945,null,null,null,0.0,0.0
2025-01-16,77.681,78.152,77.504,78.089,4819,70.104706,null,null,null,0.0,0.0
2025-01-16,78.093,78.191,77.544,77.617,3193,70.13437,null,null,null,0.0,0.0
2025-01-16,77.617,78.071,77.446,78.03,3002,70.12804,null,null,null,0.0,0.0
2025-01-16,78.029,78.029,77.82,77.923,1019,70.09647,null,null,null,0.0,0.0
2025-01-16,77.929,78.024,77.868,77.99,740,70.04464,null,null,null,0.0,0.0
2025-01-16,77.969,78.079,77.894,78.064,250,69.97976,null,null,null,0.0,0.0
2025-01-17,78.07,78.175,78.019,78.13,308,69.893845,Down,Up,0,0.0,0.13400000000000034
2025-01-17,78.121,78.296,78.1,78.264,1464,69.792015,Down,Up,0,0.0,0.06799999999999784
2025-01-17,78.259,78.36,78.213,78.332,912,69.68886,Down,Up,0,0.0,0.034000000000006025
2025-01-17,78.315,78.431,78.278,78.366,622,69.59993,Down,Up,0,0.0,0.1530000000000058
2025-01-17,78.376,78.535,78.376,78.519,393,69.52569,Down,Down,1,0.1110000000000042,0.0
2025-01-17,78.524,78.604,78.363,78.408,1190,69.46535,Down,Down,1,0.07600000000000762,0.0
2025-01-17,78.403,78.464,78.302,78.332,1328,69.408295,Down,Up,0,0.0,0.13900000000001
2025-01-17,78.337,78.545,78.158,78.471,1850,69.35891,Down,Down,1,0.11800000000000921,0.0
2025-01-17,78.466,78.617,78.191,78.353,2961,69.32079,Down,Down,1,0.11899999999999977,0.0
2025-01-17,78.358,78.434,77.919,78.234,2738,69.29513,Down,Up,0,0.0,0.03300000000000125
2025-01-17,78.239,78.529,78.059,78.267,2499,69.26888,Down,Down,1,0.2389999999999901,0.0
2025-01-17,78.261,78.441,77.975,78.028,2025,69.24158,Down,Down,1,0.1670000000000016,0.0
2025-01-17,78.024,78.139,77.693,77.861,2486,69.20017,Down,Down,1,0.30100000000000193,0.0
2025-01-17,77.857,77.897,77.293,77.56,3919,69.14226,Down,Up,0,0.0,0.22400000000000375
2025-01-17,77.55,77.953,77.265,77.784,5082,69.092636,Down,Down,1,0.5390000000000015,0.0
2025-01-17,77.779,77.929,77.232,77.245,4763,69.04174,Down,Up,0,0.0,0.5219999999999914
2025-01-17,77.25,77.782,77.187,77.767,4862,69.00672,Down,Down,1,0.23499999999999943,0.0
2025-01-17,77.772,77.806,77.436,77.532,2773,68.992966,Down,Down,1,0.028999999999996362,0.0
2025-01-17,77.528,77.655,77.412,77.503,2189,68.98332,Down,Down,1,0.12600000000000477,0.0
2025-01-17,77.497,77.806,77.247,77.377,2323,68.983025,Down,Up,0,0.0,0.0870000000000033
2025-01-17,77.368,77.54,77.273,77.464,796,68.981125,Down,Down,1,0.06099999999999284,0.0
2025-01-17,77.439,77.549,77.338,77.403,546,68.984184,Up,Up,1,0.19199999999999307,0.0
2025-01-19,77.416,77.598,77.385,77.595,244,68.98522,Up,Up,1,0.03499999999999659,0.0
2025-01-20,77.593,77.78,77.585,77.63,525,68.86288,Down,Down,1,0.20899999999998897,0.0
2025-01-20,77.632,77.702,77.255,77.421,2519,68.843735,Down,Down,1,0.13700000000000045,0.0
2025-01-20,77.417,77.432,77.178,77.284,1782,68.80356,Down,Up,0,0.0,0.0689999999999884
2025-01-20,77.286,77.465,77.209,77.353,1035,68.746994,Down,Down,1,0.06999999999999318,0.0
2025-01-20,77.356,77.378,77.226,77.283,402,68.67715,Down,Down,1,0.049000000000006594,0.0
2025-01-20,77.285,77.345,77.213,77.234,678,68.58431,Down,Down,1,0.10699999999999932,0.0
2025-01-20,77.227,77.299,76.977,77.127,1241,68.4573,Down,Up,0,0.0,0.030000000000001137
2025-01-20,77.124,77.294,77.089,77.157,1191,68.29453,Down,Down,1,0.09999999999999432,0.0
2025-01-20,77.159,77.319,76.99,77.057,2917,68.095634,Down,Down,1,0.18999999999999773,0.0
2025-01-20,77.053,77.167,76.72,76.867,2276,67.8818,Down,Up,0,0.0,0.04399999999999693
2025-01-20,76.862,77.06,76.829,76.911,1753,67.65101,Down,Up,0,0.0,0.21699999999999875
2025-01-20,76.921,77.191,76.851,77.128,1472,67.40998,Down,Up,0,0.0,0.25199999999999534
2025-01-20,77.12,77.522,77.12,77.38,1833,67.18007,Down,Down,1,1.4869999999999948,0.0
2025-01-20,77.392,77.538,75.834,75.893,5571,66.90667,Down,Up,0,0.0,0.22799999999999443
2025-01-20,75.901,76.479,75.883,76.121,6184,66.58098,Down,Down,1,0.17600000000000193,0.0
2025-01-20,76.116,76.37,75.768,75.945,4169,66.2274,Down,Up,0,0.0,0.480000000000004
2025-01-20,75.94,76.43,75.908,76.425,3686,65.87264,Down,Up,0,0.0,0.04000000000000625
2025-01-20,76.43,76.635,75.885,76.465,3220,65.52908,Down,Down,1,0.14500000000001023,0.0
2025-01-20,76.458,76.492,76.287,76.32,1048,65.211205,Down,Up,0,0.0,0.038000000000010914
2025-01-20,76.319,76.383,76.247,76.358,379,64.901245,Down,Down,1,0.05500000000000682,0.0
2025-01-20,76.251,76.313,76.146,76.303,393,64.61067,Down,Down,1,0.17799999999999727,0.0
2025-01-21,76.298,76.343,76.02,76.125,739,64.338425,Down,Up,0,0.0,0.4789999999999992
2025-01-21,76.127,76.895,75.99,76.604,4586,64.13683,Down,Up,0,0.0,0.16200000000000614
2025-01-21,76.601,77.081,76.591,76.766,2392,64.00615,Down,Down,1,0.09600000000000364,0.0
2025-01-21,76.771,76.851,76.637,76.67,1313,63.908363,Down,Down,1,0.125,0.0
2025-01-21,76.667,76.75,76.517,76.545,557,63.970814,Up,Up,1,0.13299999999999557,0.0
2025-01-21,76.542,76.749,76.542,76.678,878,64.032776,Up,Down,0,0.0,0.2469999999999999
2025-01-21,76.668,76.709,76.385,76.431,1150,64.08683,Up,Down,0,0.0,0.08400000000000318
2025-01-21,76.436,76.517,76.296,76.347,1409,64.13378,Up,Down,0,0.0,0.375
2025-01-21,76.352,76.467,75.932,75.972,3270,64.178505,Up,Down,0,0.0,0.1280000000000001
2025-01-21,75.974,76.162,75.829,75.844,3007,64.21849,Up,Down,0,0.0,0.37999999999999545
2025-01-21,75.837,75.909,75.431,75.464,3081,64.25163,Up,Down,0,0.0,0.30299999999999727
2025-01-21,75.467,75.488,75.123,75.161,3113,64.279625,Up,Up,1,0.3689999999999998,0.0
2025-01-21,75.166,75.61,75.166,75.53,2796,64.317894,Up,Down,0,0.0,0.5120000000000005
2025-01-21,75.535,75.59,74.983,75.018,3722,64.36662,Up,Up,1,0.6680000000000064,0.0
2025-01-21,75.025,75.884,74.977,75.686,5511,64.43245,Up,Up,1,0.2819999999999965,0.0
2025-01-21,75.687,76.048,75.529,75.968,4922,64.51301,Up,Down,0,0.0,0.08100000000000307
2025-01-21,75.965,76.177,75.835,75.887,4291,64.62941,Up,Down,0,0.0,0.23499999999999943
2025-01-21,75.882,76.219,75.595,75.652,2941,64.68599,Up,Down,0,0.0,0.01999999999999602
2025-01-21,75.65,75.777,75.54,75.632,2707,64.69162,Up,Up,1,0.3089999999999975,0.0
2025-01-21,75.629,75.957,75.374,75.941,2695,64.66808,Down,Up,0,0.0,0.02199999999999136
2025-01-21,75.946,75.994,75.849,75.963,973,64.63079,Down,Down,1,0.10199999999998965,0.0
2025-01-21,75.973,75.991,75.776,75.861,523,64.58493,Down,Down,1,0.22800000000000864,0.0
2025-01-21,75.885,75.885,75.568,75.633,409,64.54164,Down,Up,0,0.0,0.15000000000000568
2025-01-22,75.636,75.795,75.608,75.783,282,64.49608,Down,Down,1,0.11599999999999966,0.0
2025-01-22,75.778,75.8,75.557,75.667,1732,64.47331,Down,Down,1,0.043000000000006366,0.0
2025-01-22,75.662,75.684,75.524,75.624,1111,64.45603,Down,Up,0,0.0,0.06499999999999773
2025-01-22,75.621,75.739,75.604,75.689,732,64.46598,Up,Down,0,0.0,0.007999999999995566
2025-01-22,75.681,75.766,75.661,75.681,305,64.51202,Up,Down,0,0.0,0.09900000000000375
2025-01-22,75.683,75.708,75.56,75.582,727,64.56758,Up,Down,0,0.0,0.2739999999999867
2025-01-22,75.583,75.583,75.295,75.308,1417,64.63903,Up,Up,1,0.03899999999998727,0.0
2025-01-22,75.31,75.392,75.177,75.347,1712,64.744644,Up,Up,1,0.3300000000000125,0.0
2025-01-22,75.356,75.745,75.294,75.677,2569,64.84916,Up,Up,1,0.41499999999999204,0.0
2025-01-22,75.682,76.172,75.657,76.092,3181,64.97415,Up,Up,1,0.1560000000000059,0.0
2025-01-22,76.097,76.311,75.984,76.248,2000,65.03666,Up,Down,0,0.0,0.30100000000000193
2025-01-22,76.246,76.328,75.859,75.947,1700,65.077896,Up,Down,0,0.0,0.2400000000000091
2025-01-22,75.951,76.016,75.575,75.707,1917,65.09319,Up,Up,1,0.16800000000000637,0.0
2025-01-22,75.717,75.917,75.42,75.875,3784,65.09638,Up,Down,0,0.0,0.5930000000000035
2025-01-22,75.877,75.925,75.24,75.282,4888,65.08767,Down,Up,0,0.0,0.24399999999999977
2025-01-22,75.28,75.932,75.224,75.526,5998,65.08833,Up,Up,1,0.20900000000000318,0.0
2025-01-22,75.521,75.757,75.214,75.735,5763,65.07934,Down,Up,0,0.0,0.013999999999995794
2025-01-22,75.732,76.041,75.61,75.749,3013,65.074165,Down,Down,1,0.29999999999999716,0.0
2025-01-22,75.752,75.76,75.336,75.449,2414,65.08475,Up,Down,0,0.0,0.1280000000000001
2025-01-22,75.451,75.49,75.288,75.321,1999,65.08818,Up,Down,0,0.0,0.013999999999995794
2025-01-22,75.318,75.404,75.295,75.307,568,65.09422,Up,Down,0,0.0,0.0010000000000047748
2025-01-22,75.32,75.342,75.244,75.306,451,65.10231,Up,Down,0,0.0,0.21999999999999886
2025-01-22,75.331,75.331,75.042,75.086,348,65.10212,Down,Up,0,0.0,0.05200000000000671
2025-01-23,75.09,75.148,75.055,75.138,282,65.089775,Down,Down,1,0.05100000000000193,0.0
2025-01-23,75.136,75.2,75.075,75.087,1280,65.10407,Up,Up,1,0.012000000000000455,0.0
2025-01-23,75.085,75.142,75.035,75.099,640,65.129845,Up,Down,0,0.0,0.03300000000000125
2025-01-23,75.101,75.151,75.015,75.066,452,65.18557,Up,Down,0,0.0,0.028000000000005798
2025-01-23,75.064,75.081,74.995,75.038,194,65.26011,Up,Up,1,0.027000000000001023,0.0
2025-01-23,75.039,75.138,75.034,75.065,554,65.35369,Up,Down,0,0.0,0.12199999999999989
2025-01-23,75.063,75.125,74.918,74.943,1411,65.47166,Up,Up,1,0.2079999999999984,0.0
2025-01-23,74.945,75.171,74.882,75.151,1165,65.61144,Up,Up,1,0.2680000000000007,0.0
2025-01-23,75.149,75.585,75.112,75.419,2585,65.77638,Up,Down,0,0.0,0.23099999999999454
2025-01-23,75.414,75.554,75.177,75.188,2274,65.95211,Up,Up,1,0.2079999999999984,0.0
2025-01-23,75.177,75.422,75.063,75.396,2112,66.113785,Up,Up,1,0.27299999999999613,0.0
2025-01-23,75.399,75.74,75.399,75.669,1781,66.28467,Up,Down,0,0.0,0.033999999999991815
2025-01-23,75.665,75.688,75.416,75.635,1981,66.4963,Up,Down,0,0.0,0.18000000000000682
2025-01-23,75.633,75.675,75.236,75.455,2820,66.67825,Up,Up,1,0.36599999999999966,0.0
2025-01-23,75.458,75.836,75.241,75.821,3618,66.82201,Up,Down,0,0.0,0.28300000000000125
2025-01-23,75.819,75.861,75.461,75.538,3078,66.938,Up,Down,0,0.0,0.8709999999999951
2025-01-23,75.53,75.697,74.287,74.667,9301,66.9811,Up,Up,1,0.2819999999999965,0.0
2025-01-23,74.672,75.098,74.534,74.949,5090,66.99603,Up,Down,0,0.0,0.37999999999999545
2025-01-23,74.954,74.999,74.422,74.569,2759,66.992676,Down,Down,1,0.2049999999999983,0.0
2025-01-23,74.566,74.654,74.265,74.364,2548,66.97152,Down,Down,1,0.2079999999999984,0.0
2025-01-23,74.367,74.411,74.112,74.156,1341,66.94679,Down,Down,1,0.04100000000001103,0.0
2025-01-23,74.158,74.173,74.038,74.115,740,66.9192,Down,Up,0,0.0,0.007000000000005002
2025-01-23,74.262,74.262,74.057,74.122,449,66.89574,Down,equal,0,0.0,0.0
2025-01-24,74.12,74.162,74.076,74.122,328,66.871895,Down,Up,0,0.0,0.12199999999999989
2025-01-24,74.114,74.256,73.881,74.244,1848,66.857124,Down,Up,0,0.0,0.20900000000000318
2025-01-24,74.242,74.465,74.229,74.453,1346,66.8636,Up,Down,0,0.0,0.12000000000000455
2025-01-24,74.461,74.465,74.248,74.333,1046,66.89147,Up,Up,1,0.06700000000000728,0.0
2025-01-24,74.339,74.463,74.318,74.4,472,66.936676,Up,Up,1,0.03699999999999193,0.0
2025-01-24,74.397,74.464,74.367,74.437,630,66.991936,Up,Down,0,0.0,0.03499999999999659
2025-01-24,74.44,74.484,74.367,74.402,1085,67.05137,Up,Up,1,0.14700000000000557,0.0
2025-01-24,74.405,74.576,74.331,74.549,1558,67.11448,Up,Down,0,0.0,0.06800000000001205
2025-01-24,74.537,74.646,74.285,74.481,2896,67.182175,Up,Up,1,0.20600000000000307,0.0
2025-01-24,74.479,74.831,74.436,74.687,2670,67.25799,Up,Up,1,0.1839999999999975,0.0
2025-01-24,74.684,74.903,74.609,74.871,2039,67.3383,Up,Down,0,0.0,0.08799999999999386
2025-01-24,74.869,74.946,74.676,74.783,2071,67.42034,Up,Up,1,0.06999999999999318,0.0
2025-01-24,74.776,74.986,74.741,74.853,1822,67.49945,Up,Down,0,0.0,0.1939999999999884
2025-01-24,74.858,75.002,74.582,74.659,2627,67.57133,Up,Down,0,0.0,0.3710000000000093
2025-01-24,74.661,75.051,74.256,74.288,4963,67.648125,Up,Down,0,0.0,0.14300000000000068
2025-01-24,74.276,74.507,74.047,74.145,5286,67.70787,Up,Down,0,0.0,0.14099999999999113
2025-01-24,74.147,74.528,73.971,74.004,4394,67.78584,Up,Up,1,0.21299999999999386,0.0
2025-01-24,73.999,74.284,73.941,74.217,3127,67.90892,Up,Up,1,0.4129999999999967,0.0
2025-01-24,74.214,74.664,74.14,74.63,2796,67.93294,Up,Down,0,0.0,0.1349999999999909
2025-01-24,74.628,74.674,74.379,74.495,2168,67.89287,Down,Down,1,0.05700000000000216,0.0
2025-01-24,74.497,74.605,74.427,74.438,956,67.78299,Down,Down,1,0.09799999999999898,0.0
2025-01-24,74.436,74.445,74.34,74.34,416,67.623634,Down,Down,1,0.347999999999999,0.0
2025-01-26,74.307,74.422,73.947,73.992,950,67.396965,Down,Down,1,0.3269999999999982,0.0
2025-01-27,73.994,74.053,73.578,73.665,866,67.02918,Down,Down,1,0.025000000000005684,0.0
2025-01-27,73.666,73.767,73.518,73.64,2020,66.69827,Down,Up,0,0.0,0.25900000000000034
2025-01-27,73.631,73.909,73.56,73.899,1169,66.35233,Down,Up,0,0.0,0.14799999999999613
2025-01-27,73.889,74.076,73.848,74.047,844,66.00848,Down,Down,1,0.11299999999999955,0.0
2025-01-27,74.057,74.057,73.915,73.934,331,65.67428,Down,Down,1,0.10899999999999466,0.0
2025-01-27,73.925,73.944,73.804,73.825,602,65.35374,Down,Up,0,0.0,0.18500000000000227
2025-01-27,73.816,74.05,73.775,74.01,1316,65.0513,Down,Down,1,0.006000000000000227,0.0
2025-01-27,74.011,74.164,73.938,74.004,1507,64.76281,Down,Up,0,0.0,0.3689999999999998
2025-01-27,74.005,74.413,74.005,74.373,2671,64.49066,Down,Up,0,0.0,0.18099999999999739
2025-01-27,74.363,74.719,74.157,74.554,2311,64.238335,Down,Down,1,0.0379999999999967,0.0
2025-01-27,74.564,74.952,74.515,74.516,2701,64.0084,Down,Down,1,0.4300000000000068,0.0
2025-01-27,74.515,74.563,74.066,74.086,2517,63.787174,Down,Down,1,0.16100000000000136,0.0
2025-01-27,74.088,74.153,73.829,73.925,2482,63.57667,Down,Up,0,0.0,0.2879999999999967
2025-01-27,73.934,74.234,73.846,74.213,2204,63.385155,Down,Up,0,0.0,0.06500000000001194
2025-01-27,74.205,74.329,73.983,74.278,3729,63.20386,Down,Down,1,0.9200000000000017,0.0
2025-01-27,74.269,74.379,73.262,73.358,4918,62.999672,Down,Down,1,0.8329999999999984,0.0
2025-01-27,73.35,73.373,72.495,72.525,4827,62.76676,Down,Down,1,0.09799999999999898,0.0
2025-01-27,72.545,72.747,72.244,72.427,3639,62.53009,Down,Up,0,0.0,0.3669999999999902
2025-01-27,72.437,72.848,72.437,72.794,2349,62.315998,Down,Up,0,0.0,0.03300000000000125
2025-01-27,72.795,73.098,72.774,72.827,2141,62.157707,Down,Up,0,0.0,0.07500000000000284
2025-01-27,72.829,73.017,72.813,72.902,928,62.017498,Down,Up,0,0.0,0.016000000000005343
2025-01-27,72.904,72.962,72.844,72.918,582,61.894962,Down,Up,0,0.0,0.012000000000000455
2025-01-27,72.971,73.022,72.911,72.93,395,61.789097,Down,Down,1,0.0030000000000001137,0.0
2025-01-28,72.93,72.987,72.917,72.927,287,61.677437,Down,Up,0,0.0,0.12899999999999068
2025-01-28,72.926,73.186,72.926,73.056,1159,61.591522,Down,Up,0,0.0,0.009000000000000341
2025-01-28,73.047,73.105,72.955,73.065,844,61.64934,Up,Down,0,0.0,0.06300000000000239
2025-01-28,73.066,73.094,72.907,73.002,803,61.731796,Up,Up,1,0.1810000000000116,0.0
2025-01-28,73.003,73.362,73.003,73.183,1380,61.840042,Up,Up,1,0.12899999999999068,0.0
2025-01-28,73.174,73.371,73.154,73.312,729,61.96835,Up,Down,0,0.0,0.012000000000000455
2025-01-28,73.303,73.38,73.256,73.3,648,62.116386,Up,Up,1,0.3299999999999983,0.0
2025-01-28,73.301,73.664,73.252,73.63,1322,62.289192,Up,Down,0,0.0,0.16199999999999193
2025-01-28,73.643,73.672,73.25,73.468,1869,62.47368,Up,Down,0,0.0,0.23700000000000898
2025-01-28,73.469,73.558,73.18,73.231,2132,62.66256,Up,Up,1,0.21000000000000796,0.0
2025-01-28,73.211,73.502,73.116,73.441,2114,62.85366,Up,Up,1,0.033999999999991815,0.0
2025-01-28,73.432,73.545,73.27,73.475,1504,63.04739,Up,Down,0,0.0,0.000999999999990564
2025-01-28,73.484,73.611,73.405,73.474,1651,63.244534,Up,Up,1,0.16599999999999682,0.0
2025-01-28,73.467,73.973,73.385,73.64,2967,63.410347,Up,Down,0,0.0,0.3930000000000007
2025-01-28,73.65,74.081,73.032,73.247,4937,63.542553,Up,Down,0,0.0,0.21399999999999864
2025-01-28,73.248,73.433,72.905,73.033,4191,63.636757,Up,Down,0,0.0,0.1670000000000016
2025-01-28,73.032,73.172,72.743,72.866,3740,63.743412,Up,Up,1,0.03499999999999659,0.0
2025-01-28,72.868,73.22,72.829,72.901,2452,63.739758,Down,Up,0,0.0,0.7139999999999986
2025-01-28,72.909,73.633,72.801,73.615,2722,63.668346,Down,Down,1,0.01999999999999602,0.0
2025-01-28,73.623,73.774,73.411,73.595,3258,63.558765,Down,Up,0,0.0,0.09000000000000341
2025-01-28,73.587,73.733,73.554,73.685,877,63.403137,Down,Up,0,0.0,0.018000000000000682
2025-01-28,73.695,73.772,73.533,73.703,752,63.228035,Down,Down,1,0.09900000000000375,0.0
2025-01-28,73.699,73.713,73.578,73.604,243,63.04674,Down,Up,0,0.0,0.0589999999999975
2025-01-29,73.595,73.673,73.582,73.663,229,62.83974,Down,Down,1,0.1670000000000016,0.0
2025-01-29,73.673,73.724,73.494,73.496,515,62.65641,Down,Down,1,0.0689999999999884,0.0
2025-01-29,73.494,73.556,73.426,73.427,420,62.48164,Down,Up,0,0.0,0.011999999999986244
2025-01-29,73.428,73.475,73.32,73.439,542,62.3358,Down,Down,1,0.03299999999998704,0.0
2025-01-29,73.437,73.469,73.379,73.406,331,62.21973,Down,Down,1,0.06200000000001182,0.0
2025-01-29,73.407,73.415,73.316,73.344,397,62.131824,Down,Up,0,0.0,0.10999999999999943
2025-01-29,73.352,73.57,73.351,73.454,633,62.072685,Down,Up,0,0.0,0.13000000000000966
2025-01-29,73.464,73.732,73.422,73.584,1055,62.04024,Down,Down,1,0.3340000000000032,0.0
2025-01-29,73.594,73.806,73.25,73.25,2416,62.02362,Down,Down,1,0.4099999999999966,0.0
2025-01-29,73.251,73.261,72.711,72.84,2810,62.002266,Down,Down,1,0.07099999999999795,0.0
2025-01-29,72.839,72.947,72.69,72.769,1795,61.983665,Down,Up,0,0.0,0.15200000000000102
2025-01-29,72.777,73.264,72.69,72.921,1813,61.98627,Up,Up,1,0.347999999999999,0.0
2025-01-29,72.919,73.299,72.87,73.269,1821,62.008686,Up,Down,0,0.0,0.14100000000000534
2025-01-29,73.262,73.393,73.048,73.128,2473,62.052788,Up,Down,0,0.0,0.054000000000002046
2025-01-29,73.13,73.212,72.828,73.074,3655,62.115826,Up,Up,1,0.17600000000000193,0.0
2025-01-29,73.083,73.482,73.001,73.25,5046,62.19483,Up,Down,0,0.0,0.049000000000006594
2025-01-29,73.249,73.323,72.882,73.201,4212,62.27623,Up,Down,0,0.0,0.840999999999994
2025-01-29,73.207,73.22,72.322,72.36,3332,62.33842,Up,Up,1,0.31400000000000716,0.0
2025-01-29,72.352,72.727,72.135,72.674,2770,62.437023,Up,Up,1,0.015999999999991132,0.0
2025-01-29,72.682,72.78,72.369,72.69,3288,62.548195,Up,Up,1,0.015000000000000568,0.0
2025-01-29,72.681,72.733,72.56,72.705,1019,62.666348,Up,Up,1,0.09300000000000352,0.0
2025-01-29,72.703,72.815,72.662,72.798,423,62.79562,Up,Down,0,0.0,0.11299999999999955
2025-01-29,72.777,72.845,72.641,72.685,299,62.925476,Up,Down,0,0.0,0.04099999999999682
2025-01-30,72.688,72.697,72.627,72.644,156,63.02039,Up,Up,1,0.015999999999991132,0.0
2025-01-30,72.642,72.66,72.536,72.66,541,63.121662,Up,Down,0,0.0,0.23799999999999955
2025-01-30,72.652,72.659,72.389,72.422,518,63.23029,Up,Up,1,0.010000000000005116,0.0
2025-01-30,72.424,72.481,72.402,72.432,347,63.34527,Up,Down,0,0.0,0.132000000000005
2025-01-30,72.431,72.461,72.298,72.3,339,63.46614,Up,Up,1,0.1389999999999958,0.0
2025-01-30,72.298,72.474,72.29,72.439,391,63.596653,Up,Up,1,0.012000000000000455,0.0
2025-01-30,72.444,72.51,72.428,72.451,439,63.741474,Up,Down,0,0.0,0.09099999999999397
2025-01-30,72.451,72.491,72.312,72.36,1053,63.89127,Up,Down,0,0.0,0.2120000000000033
2025-01-30,72.367,72.461,72.029,72.148,2382,64.0372,Up,Down,0,0.0,0.25
2025-01-30,72.157,72.205,71.809,71.898,2134,64.19876,Up,Up,1,0.37400000000000944,0.0
2025-01-30,71.899,72.272,71.848,72.272,1993,64.30911,Up,Up,1,0.10099999999999909,0.0
2025-01-30,72.274,72.531,72.244,72.373,1902,64.38854,Up,Up,1,0.08499999999999375,0.0
2025-01-30,72.371,72.495,72.192,72.458,1944,64.43528,Up,Down,0,0.0,0.347999999999999
2025-01-30,72.466,72.51,72.102,72.11,2432,64.45572,Up,Up,1,0.5900000000000034,0.0
2025-01-30,72.102,72.874,72.082,72.7,3825,64.46983,Up,Up,1,0.4830000000000041,0.0
2025-01-30,72.71,73.31,72.61,73.183,4205,64.48542,Up,Down,0,0.0,0.6070000000000135
2025-01-30,73.186,73.241,72.556,72.576,3803,64.487045,Up,Down,0,0.0,0.05999999999998806
2025-01-30,72.584,72.69,72.47,72.516,2539,64.477165,Down,Up,0,0.0,0.045000000000001705
2025-01-30,72.523,72.928,72.476,72.561,2331,64.4601,Down,Up,0,0.0,0.0689999999999884
2025-01-30,72.559,72.678,72.404,72.63,1951,64.419785,Down,Up,0,0.0,0.0030000000000001137
2025-01-30,72.621,73.575,72.533,72.633,4043,64.388626,Down,Up,0,0.0,0.38900000000001
2025-01-30,72.641,73.047,72.622,73.022,1745,64.34782,Down,Down,1,0.09000000000000341,0.0
2025-01-30,72.936,73.016,72.794,72.932,518,64.31017,Down,Down,1,0.01300000000000523,0.0
2025-01-31,72.932,72.985,72.902,72.919,383,64.26113,Down,Up,0,0.0,0.028999999999996362
2025-01-31,72.926,73.157,72.806,72.948,1045,64.23173,Down,Up,0,0.0,0.14100000000000534
2025-01-31,72.957,73.259,72.937,73.089,610,64.21616,Down,Up,0,0.0,0.1110000000000042
2025-01-31,73.088,73.203,73.057,73.2,436,64.22118,Up,Down,0,0.0,0.049000000000006594
2025-01-31,73.198,73.222,73.141,73.151,308,64.25126,Up,Down,0,0.0,0.055999999999997385
2025-01-31,73.162,73.207,73.078,73.095,352,64.29717,Up,Down,0,0.0,0.019000000000005457
2025-01-31,73.088,73.126,73.054,73.076,565,64.352394,Up,Down,0,0.0,0.3539999999999992
2025-01-31,73.082,73.095,72.703,72.722,1074,64.40807,Up,Up,1,0.07400000000001228,0.0
2025-01-31,72.717,72.846,72.58,72.796,2514,64.46201,Up,Down,0,0.0,0.38400000000000034
2025-01-31,72.794,72.794,72.306,72.412,2218,64.509926,Up,Down,0,0.0,0.049000000000006594
2025-01-31,72.414,72.533,72.204,72.363,2542,64.55128,Up,Down,0,0.0,0.0049999999999954525
2025-01-31,72.367,72.385,72.143,72.358,1572,64.61386,Up,Up,1,0.29399999999999693,0.0
2025-01-31,72.369,72.66,72.313,72.652,1921,64.677895,Up,Down,0,0.0,0.01099999999999568
2025-01-31,72.658,72.865,72.581,72.641,2012,64.74746,Up,Down,0,0.0,0.8470000000000084
2025-01-31,72.631,72.824,71.771,71.794,4729,64.797356,Up,Up,1,0.5289999999999964,0.0
2025-01-31,71.806,72.599,71.736,72.323,4436,64.850624,Up,Up,1,0.29000000000000625,0.0
2025-01-31,72.324,72.765,72.309,72.613,4102,64.922104,Up,Down,0,0.0,0.6479999999999961
2025-01-31,72.621,72.709,71.805,71.965,5067,64.9925,Up,Up,1,0.9339999999999975,0.0
2025-01-31,71.973,73.078,71.922,72.899,5439,65.0784,Up,Down,0,0.0,0.7480000000000047
2025-01-31,72.909,72.917,72.097,72.151,3884,65.168625,Up,Up,1,0.7319999999999993,0.0
2025-01-31,72.143,73.067,72.113,72.883,2768,65.26603,Up,Up,1,0.6380000000000052,0.0
2025-01-31,72.882,73.551,72.818,73.521,2912,65.384125,Up,Up,1,0.07299999999999329,0.0
2025-02-02,74.235,74.674,73.423,73.594,4471,65.7721,Up,Down,0,0.0,0.29999999999999716
2025-02-03,73.601,73.68,73.177,73.294,2120,65.62461,Down,Up,0,0.0,0.017000000000010118
2025-02-03,73.306,73.508,73.261,73.311,1815,65.36769,Down,Down,1,0.1980000000000075,0.0
2025-02-03,73.309,73.347,73.085,73.113,1453,64.97478,Down,Up,0,0.0,0.28000000000000114
2025-02-03,73.107,73.499,73.103,73.393,1182,64.5351,Down,Up,0,0.0,0.10699999999999932
2025-02-03,73.403,73.534,73.333,73.5,981,64.10706,Down,Up,0,0.0,0.0010000000000047748
2025-02-03,73.498,73.553,73.452,73.501,603,63.721172,Down,Down,1,0.036000000000001364,0.0
2025-02-03,73.499,73.611,73.443,73.465,1036,63.39278,Down,Up,0,0.0,0.1460000000000008
2025-02-03,73.472,73.833,73.433,73.611,2171,63.13078,Down,Down,1,0.038000000000010914,0.0
2025-02-03,73.609,73.997,73.541,73.573,3866,62.93804,Down,Up,0,0.0,0.09500000000001307
2025-02-03,73.591,73.691,73.285,73.668,3295,62.7943,Down,Up,0,0.0,0.026999999999986812
2025-02-03,73.676,74.019,73.457,73.695,3453,62.710667,Down,Up,0,0.0,0.4410000000000025
2025-02-03,73.69,74.159,73.668,74.136,2380,62.66634,Down,Down,1,0.11699999999999022,0.0
2025-02-03,74.126,74.139,73.945,74.019,2490,62.665752,Down,Up,0,0.0,0.08299999999999841
2025-02-03,74.026,74.118,73.481,74.102,4339,62.699352,Up,Down,0,0.0,1.3599999999999994
2025-02-03,74.099,74.333,72.624,72.742,7857,62.74869,Up,Down,0,0.0,0.6170000000000044
2025-02-03,72.749,72.927,71.786,72.125,9597,62.776703,Up,Up,1,0.05100000000000193,0.0
2025-02-03,72.115,72.694,72.076,72.176,7462,62.821526,Up,Up,1,0.02599999999999625,0.0
2025-02-03,72.174,72.592,72.114,72.202,4111,62.86677,Up,Up,1,0.4000000000000057,0.0
2025-02-03,72.207,72.62,72.164,72.602,2977,62.910946,Up,Up,1,0.15699999999999648,0.0
2025-02-03,72.602,72.829,72.542,72.759,3247,62.976086,Up,Down,0,0.0,0.21299999999999386
2025-02-03,72.767,72.819,72.478,72.546,1192,63.02572,Up,Down,0,0.0,0.49900000000000944
2025-02-03,72.539,72.586,71.965,72.047,2809,63.044613,Up,Up,1,0.1110000000000042,0.0
2025-02-03,72.041,72.206,72.013,72.158,573,63.04624,Up,Down,0,0.0,0.14799999999999613
2025-02-04,72.156,72.166,71.987,72.01,337,63.05003,Up,equal,0,0.0,0.0
2025-02-04,72.015,72.13,71.91,72.01,1417,62.936325,Down,Up,0,0.0,0.018999999999991246
2025-02-04,72.007,72.057,71.917,72.029,765,62.935654,Down,Up,0,0.0,0.02400000000000091
2025-02-04,72.039,72.174,72.029,72.053,657,62.95259,Up,Down,0,0.0,0.12599999999999056
2025-02-04,72.065,72.09,71.927,71.927,496,62.95917,Up,Down,0,0.0,0.3640000000000043
2025-02-04,71.93,71.957,71.541,71.563,2164,62.937954,Down,Up,0,0.0,0.15099999999999625
2025-02-04,71.563,71.792,71.515,71.714,1169,62.920216,Down,Down,1,0.02599999999999625,0.0
2025-02-04,71.712,71.84,71.629,71.688,1422,62.91347,Down,Down,1,0.3930000000000007,0.0
2025-02-04,71.684,71.816,71.292,71.295,3226,62.896782,Down,Up,0,0.0,0.28999999999999204
2025-02-04,71.305,71.735,71.305,71.585,2799,62.885986,Down,Up,0,0.0,0.17900000000000205
2025-02-04,71.582,71.804,71.389,71.764,2739,62.886055,Up,Down,0,0.0,0.18299999999999272
2025-02-04,71.761,71.779,71.456,71.581,1919,62.894012,Up,Down,0,0.0,0.2289999999999992
2025-02-04,71.581,71.593,71.28,71.352,2042,62.90317,Up,Down,0,0.0,0.43900000000000716
2025-02-04,71.362,71.392,70.801,70.913,4213,62.89492,Down,Up,0,0.0,1.5349999999999966
2025-02-04,70.916,72.724,70.455,72.448,9707,62.919827,Up,Up,1,0.0020000000000095497,0.0
2025-02-04,72.438,73.081,72.318,72.45,7359,63.14753,Up,Up,1,0.23399999999999466,0.0
2025-02-04,72.448,72.718,72.032,72.684,5583,63.313305,Up,Down,0,0.0,0.24799999999999045
2025-02-04,72.694,72.772,72.263,72.436,3030,63.4178,Up,Up,1,0.3639999999999901,0.0
2025-02-04,72.433,72.896,72.426,72.8,2599,63.45353,Up,Down,0,0.0,0.480000000000004
2025-02-04,72.793,72.815,71.977,72.32,3745,63.427925,Down,Up,0,0.0,0.03200000000001069
2025-02-04,72.325,72.442,72.187,72.352,1868,63.346806,Down,Up,0,0.0,0.14399999999999125
2025-02-04,72.352,72.541,72.289,72.496,1021,63.236004,Down,Down,1,0.12299999999999045,0.0
2025-02-04,72.508,72.556,72.36,72.373,293,63.099274,Down,Up,0,0.0,0.1559999999999917
2025-02-05,72.375,72.557,72.33,72.529,404,62.98534,Down,Down,1,0.06799999999999784,0.0
2025-02-05,72.527,72.737,72.379,72.461,4069,62.887096,Down,Down,1,0.23999999999999488,0.0
2025-02-05,72.456,72.466,72.218,72.221,1375,62.786327,Down,Up,0,0.0,0.04399999999999693
2025-02-05,72.228,72.293,72.148,72.265,750,62.69115,Down,Down,1,0.07000000000000739,0.0
2025-02-05,72.263,72.27,72.175,72.195,314,62.60038,Down,Up,0,0.0,0.22900000000001342
2025-02-05,72.197,72.467,72.175,72.424,730,62.524338,Down,Down,1,0.010000000000005116,0.0
2025-02-05,72.414,72.524,72.404,72.414,1161,62.457962,Down,Down,1,0.08599999999999852,0.0
2025-02-05,72.406,72.406,72.156,72.328,1362,62.388504,Down,Down,1,0.2980000000000018,0.0
2025-02-05,72.335,72.408,72.02,72.03,2725,62.32299,Down,Up,0,0.0,0.015000000000000568
2025-02-05,72.033,72.195,71.845,72.045,2181,62.254086,Down,Down,1,0.13299999999999557,0.0
2025-02-05,72.042,72.055,71.71,71.912,2201,62.18453,Down,Down,1,0.2510000000000048,0.0
2025-02-05,71.907,72.012,71.594,71.661,2405,62.11567,Down,Down,1,0.09999999999999432,0.0
2025-02-05,71.656,71.813,71.513,71.561,1763,62.038975,Down,Up,0,0.0,0.18899999999999295
2025-02-05,71.568,71.897,71.538,71.75,2944,61.965607,Down,Up,0,0.0,0.04000000000000625
2025-02-05,71.747,71.892,71.366,71.79,4056,61.89646,Down,Down,1,0.3689999999999998,0.0
2025-02-05,71.794,71.794,71.212,71.421,4911,61.866657,Down,Down,1,0.4650000000000034,0.0
2025-02-05,71.416,71.446,70.829,70.956,4755,61.794827,Down,Up,0,0.0,0.12699999999999534
2025-02-05,70.961,71.178,70.901,71.083,2513,61.762146,Down,Down,1,0.16499999999999204,0.0
2025-02-05,71.09,71.113,70.863,70.918,1690,61.72377,Down,Up,0,0.0,0.06399999999999295
2025-02-05,70.913,71.027,70.805,70.982,1906,61.685917,Down,Up,0,0.0,0.054000000000002046
2025-02-05,70.974,71.091,70.962,71.036,657,61.716835,Up,Down,0,0.0,0.07600000000000762
2025-02-05,71.039,71.056,70.949,70.96,500,61.739628,Up,Up,1,0.08400000000000318,0.0
2025-02-05,70.895,71.052,70.84,71.044,275,61.74795,Up,Down,0,0.0,0.030000000000001137
2025-02-06,71.047,71.114,71.002,71.014,245,61.77343,Up,Up,1,0.016000000000005343,0.0
2025-02-06,71.011,71.076,70.949,71.03,1408,61.788857,Up,Up,1,0.09300000000000352,0.0
2025-02-06,71.034,71.131,70.959,71.123,993,61.79999,Up,Down,0,0.0,0.11700000000000443
2025-02-06,71.121,71.131,70.964,71.006,667,61.80409,Up,Down,0,0.0,0.021000000000000796
2025-02-06,71.003,71.021,70.946,70.985,285,61.779526,Down,Up,0,0.0,0.1700000000000017
2025-02-06,70.968,71.168,70.963,71.155,580,61.75949,Down,Down,1,0.05100000000000193,0.0
2025-02-06,71.152,71.21,71.077,71.104,997,61.751904,Down,Down,1,0.0870000000000033,0.0
2025-02-06,71.114,71.197,70.899,71.017,1222,61.755375,Up,Up,1,0.12199999999999989,0.0
2025-02-06,71.021,71.261,70.917,71.139,2396,61.79246,Up,Up,1,0.1039999999999992,0.0
2025-02-06,71.146,71.395,71.071,71.243,1926,61.91131,Up,Up,1,0.23100000000000875,0.0
2025-02-06,71.246,71.61,71.224,71.474,1855,62.020752,Up,Down,0,0.0,0.24800000000000466
2025-02-06,71.481,71.534,71.181,71.226,2120,62.151722,Up,Down,0,0.0,0.030000000000001137
2025-02-06,71.223,71.366,71.133,71.196,1630,62.29714,Up,Up,1,0.22400000000000375,0.0
2025-02-06,71.188,71.473,71.125,71.42,2488,62.409935,Up,Down,0,0.0,0.8629999999999995
2025-02-06,71.413,71.585,70.495,70.557,5002,62.447098,Up,Up,1,0.590999999999994,0.0
2025-02-06,70.574,71.651,70.562,71.148,7296,62.457394,Up,Down,0,0.0,0.21299999999999386
2025-02-06,71.152,71.318,70.88,70.935,4505,62.545166,Up,Down,0,0.0,0.4230000000000018
2025-02-06,70.932,70.952,70.482,70.512,3143,62.58689,Up,Down,0,0.0,0.2049999999999983
2025-02-06,70.509,70.686,70.289,70.307,2315,62.566208,Down,Up,0,0.0,0.07399999999999807
2025-02-06,70.303,70.551,70.294,70.381,2498,62.510666,Down,Up,0,0.0,0.057999999999992724
2025-02-06,70.378,70.475,70.318,70.439,780,62.43153,Down,Down,1,0.04899999999999238,0.0
2025-02-06,70.441,70.445,70.326,70.39,616,62.336643,Down,Down,1,0.006000000000000227,0.0
2025-02-06,70.347,70.438,70.322,70.384,308,62.24497,Down,Up,0,0.0,0.06699999999999307
2025-02-07,70.381,70.454,70.358,70.451,267,62.17336,Down,Up,0,0.0,0.16800000000000637
2025-02-07,70.455,70.626,70.408,70.619,1120,62.085373,Down,Up,0,0.0,0.15399999999999636
2025-02-07,70.626,70.796,70.606,70.773,976,61.99214,Down,Down,1,0.012999999999991019,0.0
2025-02-07,70.766,70.83,70.739,70.76,643,61.909298,Down,Down,1,0.04600000000000648,0.0
2025-02-07,70.753,70.76,70.637,70.714,392,61.829536,Down,Up,0,0.0,0.0049999999999954525
2025-02-07,70.71,70.854,70.697,70.719,694,61.749306,Down,Up,0,0.0,0.1570000000000107
2025-02-07,70.719,70.889,70.706,70.876,849,61.669003,Down,Down,1,0.06900000000000261,0.0
2025-02-07,70.869,71.04,70.797,70.807,1235,61.594383,Down,Up,0,0.0,0.29699999999999704
2025-02-07,70.81,71.174,70.783,71.104,2351,61.52907,Down,Down,1,0.03700000000000614,0.0
2025-02-07,71.111,71.111,70.782,71.067,1990,61.467182,Down,Down,1,0.003999999999990678,0.0
2025-02-07,71.074,71.155,70.958,71.063,1890,61.419456,Down,Down,1,0.1599999999999966,0.0
2025-02-07,71.05,71.06,70.743,70.903,1661,61.385944,Down,Down,1,0.049000000000006594,0.0
2025-02-07,70.893,71.051,70.81,70.854,1605,61.366764,Down,Down,1,0.0030000000000001137,0.0
2025-02-07,70.847,70.998,70.797,70.851,2998,61.356014,Down,Up,0,0.0,0.17600000000000193
2025-02-07,70.844,71.22,70.706,71.027,4026,61.353947,Down,Down,1,0.24099999999999966,0.0
2025-02-07,71.008,71.129,70.649,70.786,3821,61.43012,Up,Down,0,0.0,0.31100000000000705
2025-02-07,70.786,70.863,70.446,70.475,4391,61.478523,Up,Up,1,0.26900000000000546,0.0
2025-02-07,70.485,70.781,70.465,70.744,3134,61.523914,Up,Down,0,0.0,0.02400000000000091
2025-02-07,70.741,70.89,70.688,70.72,2213,61.572758,Up,Up,1,0.07399999999999807,0.0
2025-02-07,70.724,71.031,70.71,70.794,2199,61.60129,Up,Up,1,0.027000000000001023,0.0
2025-02-07,70.787,70.895,70.75,70.821,751,61.612865,Up,Up,1,0.05200000000000671,0.0
2025-02-07,70.817,70.94,70.778,70.873,593,61.604534,Down,Up,0,0.0,0.0969999999999942
2025-02-09,70.76,70.994,70.667,70.97,826,61.654724,Up,Up,1,0.1530000000000058,0.0
2025-02-10,70.977,71.146,70.97,71.123,445,61.42866,Down,Up,0,0.0,0.0899999999999892
2025-02-10,71.133,71.243,71.096,71.213,1897,61.289436,Down,Up,0,0.0,0.029000000000010573
2025-02-10,71.196,71.392,71.186,71.242,1004,61.15554,Down,Down,1,0.023000000000010346,0.0
2025-02-10,71.239,71.282,71.142,71.219,710,61.046814,Down,Up,0,0.0,0.0660000000000025
2025-02-10,71.212,71.292,71.189,71.285,553,60.94454,Down,Down,1,0.006999999999990791,0.0
2025-02-10,71.292,71.395,71.265,71.278,741,60.862785,Down,Up,0,0.0,0.08599999999999852
2025-02-10,71.275,71.368,71.178,71.364,1086,60.787315,Down,Down,1,0.15000000000000568,0.0
2025-02-10,71.368,71.404,71.201,71.214,990,60.74339,Down,Up,0,0.0,0.10299999999999443
2025-02-10,71.214,71.397,71.11,71.317,2239,60.722874,Down,Up,0,0.0,0.20000000000000284
2025-02-10,71.33,71.583,71.244,71.517,1936,60.68139,Down,Up,0,0.0,0.2120000000000033
2025-02-10,71.52,71.729,71.393,71.729,1654,60.645695,Down,equal,0,0.0,0.0
2025-02-10,71.733,71.882,71.596,71.729,1489,60.630997,Down,Up,0,0.0,0.036000000000001364
2025-02-10,71.726,71.808,71.659,71.765,1247,60.63348,Up,Down,0,0.0,0.16400000000000148
2025-02-10,71.772,71.872,71.601,71.601,2478,60.654522,Up,Up,1,0.18000000000000682,0.0
2025-02-10,71.605,71.851,71.571,71.781,3593,60.685165,Up,Up,1,0.06199999999999761,0.0
2025-02-10,71.774,71.98,71.471,71.843,3429,60.727055,Up,Up,1,0.262999999999991,0.0
2025-02-10,71.846,72.272,71.74,72.106,3235,60.78294,Up,Up,1,0.049000000000006594,0.0
2025-02-10,72.112,72.295,72.068,72.155,2069,60.859863,Up,Down,0,0.0,0.20900000000000318
2025-02-10,72.158,72.175,71.936,71.946,1492,60.99262,Up,Up,1,0.2849999999999966,0.0
2025-02-10,71.942,72.261,71.912,72.231,1663,61.1104,Up,Down,0,0.0,0.02400000000000091
2025-02-10,72.224,72.251,72.151,72.207,462,61.22571,Up,Up,1,0.006000000000000227,0.0
2025-02-10,72.211,72.254,72.194,72.213,313,61.3135,Up,Down,0,0.0,0.01999999999999602
2025-02-10,72.19,72.246,72.167,72.193,303,61.380104,Up,Down,0,0.0,0.060000000000002274
2025-02-11,72.186,72.193,72.123,72.133,136,61.464252,Up,Down,0,0.0,0.006999999999990791
2025-02-11,72.129,72.199,72.096,72.126,1234,61.559113,Up,Up,1,0.08199999999999363,0.0
2025-02-11,72.119,72.369,72.078,72.208,1248,61.74671,Up,Up,1,0.04999999999999716,0.0
2025-02-11,72.205,72.274,72.142,72.258,667,61.879433,Up,Down,0,0.0,0.003999999999990678
2025-02-11,72.254,72.348,72.244,72.254,406,61.969234,Up,Up,1,0.1460000000000008,0.0
2025-02-11,72.257,72.433,72.254,72.4,708,62.00855,Up,Up,1,0.04599999999999227,0.0
2025-02-11,72.397,72.53,72.377,72.446,869,62.010952,Up,Up,1,0.21300000000000807,0.0
2025-02-11,72.44,72.71,72.396,72.659,1164,61.98256,Down,Up,0,0.0,0.11999999999999034
2025-02-11,72.652,72.865,72.6,72.779,2199,61.93341,Down,Up,0,0.0,0.19299999999999784
2025-02-11,72.796,72.992,72.726,72.972,1916,61.89964,Down,Up,0,0.0,0.023000000000010346
2025-02-11,72.985,73.091,72.885,72.995,1816,61.907528,Up,Down,0,0.0,0.04400000000001114
2025-02-11,72.995,72.995,72.818,72.951,1532,61.908184,Up,Up,1,0.17600000000000193,0.0
2025-02-11,72.958,73.168,72.954,73.127,1937,61.886967,Down,Down,1,0.01099999999999568,0.0
2025-02-11,73.13,73.402,73.097,73.116,2939,61.854687,Down,Down,1,0.027000000000001023,0.0
2025-02-11,73.122,73.283,72.863,73.089,3874,61.80652,Down,Down,1,0.2839999999999918,0.0
2025-02-11,73.079,73.079,72.614,72.805,4261,61.786243,Down,Up,0,0.0,0.24399999999999977
2025-02-11,72.799,73.075,72.772,73.049,3447,61.76746,Down,Down,1,0.02600000000001046,0.0
2025-02-11,73.049,73.139,72.943,73.023,2016,61.758377,Down,Up,0,0.0,0.10300000000000864
2025-02-11,73.02,73.201,72.97,73.126,1646,61.733704,Down,Up,0,0.0,0.05700000000000216
2025-02-11,73.116,73.203,73.056,73.183,1980,61.698544,Down,Down,1,0.14400000000000546,0.0
2025-02-11,73.186,73.205,73.032,73.039,628,61.69989,Up,Down,0,0.0,0.03700000000000614
2025-02-11,73.032,73.048,72.942,73.002,674,61.68294,Down,Down,1,0.03300000000000125,0.0
2025-02-11,72.979,72.995,72.949,72.969,157,61.66645,Down,Down,1,0.04099999999999682,0.0
2025-02-12,72.965,73.039,72.905,72.928,270,61.65716,Down,Down,1,0.0799999999999983,0.0
2025-02-12,72.925,72.975,72.755,72.848,1179,61.66208,Up,Up,1,0.04000000000000625,0.0
2025-02-12,72.848,72.958,72.834,72.888,830,61.673836,Up,Down,0,0.0,0.05100000000000193
2025-02-12,72.894,72.958,72.834,72.837,912,61.711727,Up,Down,0,0.0,0.020000000000010232
2025-02-12,72.834,72.907,72.813,72.817,363,61.75412,Up,Down,0,0.0,0.0239999999999867
2025-02-12,72.823,72.837,72.777,72.793,730,61.789806,Up,Up,1,0.08399999999998897,0.0
2025-02-12,72.803,72.903,72.783,72.877,1007,61.827347,Up,Down,0,0.0,0.21199999999998909
2025-02-12,72.87,73.009,72.569,72.665,1310,61.846725,Up,Down,0,0.0,0.2920000000000016
2025-02-12,72.671,72.705,72.317,72.373,2689,61.83792,Down,Down,1,0.02400000000000091,0.0
2025-02-12,72.376,72.496,72.259,72.349,1785,61.821667,Down,Down,1,0.19200000000000728,0.0
2025-02-12,72.356,72.429,72.123,72.157,2113,61.810177,Down,Up,0,0.0,0.21600000000000819
2025-02-12,72.153,72.433,72.117,72.373,1581,61.828873,Up,Up,1,0.0030000000000001137,0.0
2025-02-12,72.366,72.453,72.234,72.376,1500,61.865604,Up,Up,1,0.02599999999999625,0.0
2025-02-12,72.382,72.495,72.253,72.402,3358,61.908356,Up,Down,0,0.0,0.2980000000000018
2025-02-12,72.395,72.405,71.899,72.104,4768,61.92169,Up,Down,0,0.0,0.24200000000000443
2025-02-12,72.102,72.202,71.838,71.862,4837,61.84927,Down,Up,0,0.0,0.0030000000000001137
2025-02-12,71.858,72.136,71.739,71.865,4884,61.77904,Down,Down,1,0.30399999999998784,0.0
2025-02-12,71.861,71.926,71.393,71.561,4433,61.66006,Down,Down,1,0.26600000000000534,0.0
2025-02-12,71.554,71.567,71.262,71.295,2298,61.53468,Down,Down,1,0.02200000000000557,0.0
2025-02-12,71.296,71.369,71.18,71.273,1789,61.44538,Down,Down,1,0.11399999999999011,0.0
2025-02-12,71.277,71.283,71.149,71.159,739,61.389626,Down,Down,1,0.07600000000000762,0.0
2025-02-12,71.163,71.469,71.053,71.083,1310,61.395092,Up,Up,1,0.01099999999999568,0.0
2025-02-12,71.111,71.187,71.079,71.094,335,61.445415,Up,Up,1,0.07400000000001228,0.0
2025-02-13,71.09,71.178,71.078,71.168,279,61.550236,Up,Down,0,0.0,0.4550000000000125
2025-02-13,71.168,71.178,70.673,70.713,2212,61.677887,Up,Down,0,0.0,0.10199999999998965
2025-02-13,70.709,70.755,70.579,70.611,1091,61.818428,Up,Down,0,0.0,0.028000000000005798
2025-02-13,70.608,70.621,70.529,70.583,1010,61.969925,Up,Down,0,0.0,0.04399999999999693
2025-02-13,70.579,70.591,70.489,70.539,432,62.125225,Up,Up,1,0.036000000000001364,0.0
2025-02-13,70.543,70.621,70.527,70.575,880,62.280605,Up,Down,0,0.0,0.0379999999999967
2025-02-13,70.571,70.719,70.537,70.537,1671,62.43142,Up,Up,1,0.11099999999999,0.0
2025-02-13,70.541,70.745,70.428,70.648,1704,62.572533,Up,Up,1,0.1490000000000009,0.0
2025-02-13,70.648,70.884,70.538,70.797,2742,62.75259,Up,Down,0,0.0,0.472999999999999
2025-02-13,70.801,70.947,70.32,70.324,2550,62.961956,Up,Down,0,0.0,0.13500000000000512
2025-02-13,70.325,70.39,70.158,70.189,2091,63.113598,Up,Up,1,0.3160000000000025,0.0
2025-02-13,70.199,70.549,70.163,70.505,2174,63.23224,Up,Down,0,0.0,0.21999999999999886
2025-02-13,70.491,70.589,70.231,70.285,1911,63.306034,Up,Up,1,0.07600000000000762,0.0
2025-02-13,70.287,70.524,70.229,70.361,2489,63.34527,Up,Up,1,0.625,0.0
2025-02-13,70.359,71.012,70.285,70.986,3575,63.371246,Up,Down,0,0.0,0.08400000000000318
2025-02-13,70.982,71.16,70.796,70.902,4207,63.442593,Up,Up,1,0.26200000000000045,0.0
2025-02-13,70.916,71.31,70.842,71.164,3410,63.541515,Up,Down,0,0.0,0.10099999999999909
2025-02-13,71.16,71.286,71.055,71.063,2338,63.59842,Up,Up,1,0.04800000000000182,0.0
2025-02-13,71.059,71.317,71.037,71.111,2232,63.6479,Up,Up,1,0.10999999999999943,0.0
2025-02-13,71.105,71.235,71.051,71.221,2125,63.648357,Up,Up,1,0.0519999999999925,0.0
2025-02-13,71.217,71.311,71.203,71.273,486,63.583828,Down,Up,0,0.0,0.10099999999999909
2025-02-13,71.267,71.444,71.227,71.374,555,63.46571,Down,Down,1,0.07199999999998852,0.0
2025-02-13,71.364,71.376,71.274,71.302,302,63.316498,Down,Down,1,0.13000000000000966,0.0
2025-02-14,71.292,71.3,71.17,71.172,231,63.131798,Down,Up,0,0.0,0.132000000000005
2025-02-14,71.184,71.426,71.158,71.304,1356,62.935715,Down,Down,1,0.030000000000001137,0.0
2025-02-14,71.3,71.372,71.236,71.274,879,62.740906,Down,Down,1,0.025000000000005684,0.0
2025-02-14,71.27,71.332,71.223,71.249,634,62.551506,Down,Up,0,0.0,0.07399999999999807
2025-02-14,71.245,71.333,71.195,71.323,345,62.370575,Down,Down,1,0.04399999999999693,0.0
2025-02-14,71.325,71.357,71.215,71.279,729,62.20418,Down,Up,0,0.0,0.04600000000000648
2025-02-14,71.275,71.331,71.195,71.325,1071,62.058075,Down,Up,0,0.0,0.21599999999999397
2025-02-14,71.331,71.587,71.325,71.541,1294,61.938553,Down,Down,1,0.0759999999999934,0.0
2025-02-14,71.535,71.629,71.371,71.465,2002,61.860783,Down,Down,1,0.10999999999999943,0.0
2025-02-14,71.461,71.575,71.269,71.355,1799,61.814823,Down,Down,1,0.019000000000005457,0.0
2025-02-14,71.349,71.529,71.264,71.336,1784,61.803158,Down,Up,0,0.0,0.30800000000000693
2025-02-14,71.34,71.73,71.09,71.644,2256,61.818733,Up,Up,1,0.1280000000000001,0.0
2025-02-14,71.65,71.874,71.46,71.772,2506,61.863525,Up,Down,0,0.0,0.4280000000000115
2025-02-14,71.768,71.894,71.299,71.344,2859,61.9346,Up,Up,1,0.1700000000000017,0.0
2025-02-14,71.339,71.558,71.266,71.514,4173,62.00901,Up,Down,0,0.0,0.4959999999999951
2025-02-14,71.516,71.53,70.806,71.018,3876,62.125286,Up,Down,0,0.0,0.12999999999999545
2025-02-14,71.028,71.068,70.597,70.888,3371,62.208073,Up,Down,0,0.0,0.14700000000000557
2025-02-14,70.894,70.954,70.711,70.741,2465,62.2724,Up,Down,0,0.0,0.04999999999999716
2025-02-14,70.737,70.787,70.499,70.691,1851,62.32167,Up,Down,0,0.0,0.04600000000000648
2025-02-14,70.691,70.889,70.611,70.645,2056,62.35203,Up,Up,1,0.04100000000001103,0.0
2025-02-14,70.649,70.708,70.563,70.686,876,62.377007,Up,Down,0,0.0,0.16400000000000148
2025-02-14,70.68,70.71,70.488,70.522,706,62.376774,Down,Down,1,0.2360000000000042,0.0
2025-02-16,70.656,70.682,70.125,70.286,1068,62.411057,Up,Up,1,0.06900000000000261,0.0
2025-02-17,70.28,70.415,70.256,70.355,726,62.212246,Down,Up,0,0.0,0.14999999999999147
2025-02-17,70.36,70.599,70.305,70.505,1564,62.103313,Down,Up,0,0.0,0.125
2025-02-17,70.519,70.741,70.465,70.63,1040,61.981697,Down,Up,0,0.0,0.09600000000000364
2025-02-17,70.635,70.8,70.625,70.726,853,61.86414,Down,Down,1,0.0010000000000047748,0.0
2025-02-17,70.73,70.74,70.676,70.725,416,61.75831,Down,Up,0,0.0,0.014000000000010004
2025-02-17,70.729,70.839,70.685,70.739,1113,61.672565,Down,Up,0,0.0,0.055999999999997385
2025-02-17,70.749,70.869,70.735,70.795,1119,61.606735,Down,Down,1,0.12000000000000455,0.0
2025-02-17,70.785,70.8,70.505,70.675,1341,61.55391,Down,Up,0,0.0,0.2600000000000051
2025-02-17,70.685,71.11,70.685,70.935,2596,61.522594,Down,Down,1,0.07000000000000739,0.0
2025-02-17,70.937,71.031,70.78,70.865,1896,61.500156,Down,Up,0,0.0,0.0660000000000025
2025-02-17,70.861,71.182,70.711,70.931,2839,61.491184,Down,Down,1,0.3100000000000023,0.0
2025-02-17,70.93,70.941,70.535,70.621,2240,61.484726,Down,Up,0,0.0,0.05000000000001137
2025-02-17,70.615,70.696,70.481,70.671,1573,61.464115,Down,Up,0,0.0,0.1389999999999958
2025-02-17,70.671,70.9,70.586,70.81,2137,61.42928,Down,Up,0,0.0,0.06199999999999761
2025-02-17,70.8,70.906,70.755,70.872,1748,61.39811,Down,Down,1,0.14499999999999602,0.0
2025-02-17,70.857,71.018,70.687,70.727,1701,61.359688,Down,Up,0,0.0,0.394999999999996
2025-02-17,70.732,71.138,70.692,71.122,2268,61.423115,Up,Up,1,0.14100000000000534,0.0
2025-02-17,71.117,71.273,71.082,71.263,1497,61.416393,Down,Up,0,0.0,0.015000000000000568
2025-02-17,71.258,71.333,71.193,71.278,690,61.38784,Down,Up,0,0.0,0.06499999999999773
2025-02-17,71.274,71.388,71.244,71.343,308,61.321312,Down,Down,1,0.12100000000000932,0.0
2025-02-17,71.383,71.383,71.167,71.222,293,61.242348,Down,Up,0,0.0,0.05000000000001137
2025-02-18,71.213,71.352,71.207,71.272,238,61.180813,Down,Down,1,0.14500000000001023,0.0
2025-02-18,71.277,71.313,71.127,71.127,967,61.14696,Down,Up,0,0.0,0.10900000000000887
2025-02-18,71.132,71.301,71.087,71.236,780,61.13029,Down,Up,0,0.0,0.15099999999999625
2025-02-18,71.231,71.492,71.227,71.387,766,61.09293,Down,Up,0,0.0,0.034000000000006025
2025-02-18,71.381,71.421,71.292,71.421,318,61.180725,Up,Down,0,0.0,0.014000000000010004
2025-02-18,71.407,71.471,71.392,71.407,605,61.293186,Up,Up,1,0.04399999999999693,0.0
2025-02-18,71.411,71.482,71.361,71.451,1019,61.38076,Up,Down,0,0.0,0.03999999999999204
2025-02-18,71.456,71.571,71.286,71.411,976,61.457363,Up,Up,1,0.18999999999999773,0.0
2025-02-18,71.406,71.612,71.286,71.601,2036,61.48363,Up,Up,1,0.04999999999999716,0.0
2025-02-18,71.606,71.892,71.576,71.651,686,61.506496,Up,Up,1,0.17499999999999716,0.0
2025-02-18,71.545,71.962,71.545,71.826,526,61.51267,Up,Down,0,0.0,0.5749999999999886
2025-02-18,71.826,71.826,71.225,71.251,1774,61.51779,Up,Down,0,0.0,0.13100000000000023
2025-02-18,71.261,71.341,71.065,71.12,2381,61.51792,Up,Down,0,0.0,0.12000000000000455
2025-02-18,71.115,71.284,70.884,71.0,3072,61.523502,Up,Up,1,0.40099999999999625,0.0
2025-02-18,70.995,71.561,70.955,71.401,3995,61.54364,Up,Up,1,0.019000000000005457,0.0
2025-02-18,71.396,71.681,71.195,71.42,3492,61.59153,Up,Up,1,0.2049999999999983,0.0
2025-02-18,71.415,71.72,71.405,71.625,3061,61.671852,Up,Down,0,0.0,0.17499999999999716
2025-02-18,71.62,71.745,71.415,71.45,2164,61.75511,Up,Up,1,0.34499999999999886,0.0
2025-02-18,71.454,71.86,71.305,71.795,2020,61.846565,Up,Down,0,0.0,0.015000000000000568
2025-02-18,71.79,71.852,71.677,71.78,2077,62.05392,Up,Down,0,0.0,0.049000000000006594
2025-02-18,71.775,71.8,71.726,71.731,540,62.245987,Up,Up,1,0.0350000000000108,0.0
2025-02-18,71.736,71.821,71.71,71.766,447,62.391937,Up,Down,0,0.0,0.05500000000000682
2025-02-18,71.731,71.761,71.69,71.711,215,62.49942,Up,Up,1,0.07000000000000739,0.0
2025-02-19,71.711,71.801,71.681,71.781,118,62.59948,Up,Up,1,0.18999999999999773,0.0
2025-02-19,71.791,72.041,71.761,71.971,870,62.681732,Up,Down,0,0.0,0.0799999999999983
2025-02-19,71.981,72.012,71.851,71.891,543,62.739674,Up,Down,0,0.0,0.05000000000001137
2025-02-19,71.881,71.881,71.811,71.841,364,62.794357,Up,Up,1,0.10999999999999943,0.0
2025-02-19,71.841,71.971,71.801,71.951,153,62.84551,Up,Up,1,0.10000000000000853,0.0
2025-02-19,71.941,72.061,71.921,72.051,378,62.88565,Up,Up,1,0.060000000000002274,0.0
2025-02-19,72.051,72.111,72.001,72.111,466,62.919292,Up,Up,1,0.14000000000000057,0.0
2025-02-19,72.121,72.291,72.101,72.251,578,62.945366,Up,Up,1,0.1599999999999966,0.0
2025-02-19,72.241,72.441,72.171,72.411,991,62.963585,Up,Down,0,0.0,0.010000000000005116
2025-02-19,72.421,72.451,72.291,72.401,760,62.9779,Up,Down,0,0.0,0.12999999999999545
2025-02-19,72.391,72.541,72.161,72.271,913,62.981007,Up,Up,1,0.20000000000000284,0.0
2025-02-19,72.271,72.521,72.221,72.471,847,62.977955,Down,Down,1,0.10999999999999943,0.0
2025-02-19,72.461,72.501,72.341,72.361,858,62.97003,Down,Up,0,0.0,0.10999999999999943
2025-02-19,72.351,72.591,72.331,72.471,1332,62.963432,Down,Up,0,0.0,0.340999999999994
2025-02-19,72.461,72.892,72.431,72.812,1698,62.956333,Down,Down,1,0.590999999999994,0.0
2025-02-19,72.802,72.822,72.181,72.221,1870,63.09672,Up,Up,1,0.09000000000000341,0.0
2025-02-19,72.221,72.611,72.221,72.311,1826,63.225784,Up,Down,0,0.0,0.04000000000000625
2025-02-19,72.301,72.411,72.221,72.271,1084,63.343174,Up,Down,0,0.0,0.2600000000000051
2025-02-19,72.271,72.311,71.961,72.011,1043,63.4304,Up,Up,1,0.07000000000000739,0.0
2025-02-19,71.991,72.171,71.966,72.081,1046,63.52594,Up,Up,1,0.0799999999999983,0.0
2025-02-19,72.071,72.2,72.071,72.161,346,63.5617,Up,Down,0,0.0,0.05100000000000193
2025-02-19,72.16,72.22,72.03,72.11,355,63.57097,Up,Down,0,0.0,0.010000000000005116
2025-02-19,72.055,72.1,71.98,72.1,226,63.541454,Down,Up,0,0.0,0.010000000000005116
2025-02-20,72.09,72.12,72.04,72.11,137,63.458652,Down,Down,1,0.2909999999999968,0.0
2025-02-20,72.1,72.14,71.769,71.819,634,63.379215,Down,Up,0,0.0,0.009999999999990905
2025-02-20,71.809,71.869,71.769,71.829,390,63.27949,Down,Down,1,0.029999999999986926,0.0
2025-02-20,71.839,71.839,71.759,71.799,222,63.16941,Down,Down,1,0.07100000000001216,0.0
2025-02-20,71.809,71.809,71.719,71.728,151,63.052204,Down,Up,0,0.0,0.14000000000000057
2025-02-20,71.729,71.878,71.718,71.868,185,62.96013,Down,Up,0,0.0,0.12000000000000455
2025-02-20,71.868,72.058,71.868,71.988,437,62.89742,Down,Up,0,0.0,0.3190000000000026
2025-02-20,71.978,72.317,71.958,72.307,736,62.86358,Down,Down,1,0.3790000000000049,0.0
2025-02-20,72.297,72.327,71.778,71.928,1302,62.849857,Down,Up,0,0.0,0.23900000000000432
2025-02-20,71.938,72.177,71.808,72.167,983,62.856014,Up,Up,1,0.09000000000000341,0.0
2025-02-20,72.177,72.307,72.018,72.257,1053,62.88626,Up,Up,1,0.03999999999999204,0.0
2025-02-20,72.257,72.357,72.187,72.297,745,62.935127,Up,Up,1,0.18000000000000682,0.0
2025-02-20,72.287,72.487,72.187,72.477,933,62.998817,Up,Up,1,0.009000000000000341,0.0
2025-02-20,72.467,72.526,72.227,72.486,1252,63.073273,Up,Down,0,0.0,0.04000000000000625
2025-02-20,72.476,72.655,72.346,72.446,2025,63.1583,Up,Up,1,0.03900000000000148,0.0
2025-02-20,72.446,72.655,72.306,72.485,2028,63.24953,Up,Up,1,0.19899999999999807,0.0
2025-02-20,72.475,72.884,72.465,72.684,1725,63.35096,Up,Up,1,0.09100000000000819,0.0
2025-02-20,72.694,73.114,72.624,72.775,1969,63.460052,Up,Up,1,0.10899999999999466,0.0
2025-02-20,72.774,73.044,72.695,72.884,1211,63.553696,Up,Down,0,0.0,0.4000000000000057
2025-02-20,72.874,72.874,72.345,72.484,1545,63.62877,Up,Down,0,0.0,0.03900000000000148
2025-02-20,72.474,72.494,72.404,72.445,294,63.683113,Up,Up,1,0.11800000000000921,0.0
2025-02-20,72.434,72.573,72.434,72.563,295,63.74482,Up,Up,1,0.09999999999999432,0.0
2025-02-20,72.533,72.742,72.503,72.663,255,63.805145,Up,Down,0,0.0,0.01999999999999602
2025-02-21,72.673,72.713,72.622,72.643,134,63.883442,Up,Down,0,0.0,0.25
2025-02-21,72.662,72.722,72.383,72.393,826,63.967888,Up,Up,1,0.028999999999996362,0.0
2025-02-21,72.383,72.463,72.333,72.422,735,64.04052,Up,Up,1,0.010000000000005116,0.0
2025-02-21,72.432,72.472,72.362,72.432,407,64.11485,Up,Down,0,0.0,0.04000000000000625
2025-02-21,72.432,72.482,72.392,72.392,178,64.17954,Up,Down,0,0.0,0.10099999999999909
2025-02-21,72.402,72.421,72.271,72.291,570,64.23751,Up,Down,0,0.0,0.04899999999999238
2025-02-21,72.281,72.351,72.222,72.242,541,64.33386,Up,Down,0,0.0,0.06100000000000705
2025-02-21,72.232,72.291,72.132,72.181,573,64.44955,Up,Down,0,0.0,0.28999999999999204
2025-02-21,72.182,72.211,71.852,71.891,1535,64.53107,Up,Up,1,0.1700000000000017,0.0
2025-02-21,71.911,72.15,71.881,72.061,1118,64.605255,Up,Down,0,0.0,0.4000000000000057
2025-02-21,72.051,72.071,71.602,71.661,1005,64.61088,Up,Up,1,0.060000000000002274,0.0
2025-02-21,71.671,71.861,71.652,71.721,1017,64.61637,Up,Up,1,0.1389999999999958,0.0
2025-02-21,71.72,71.97,71.72,71.86,978,64.629524,Up,Up,1,0.18900000000000716,0.0
2025-02-21,71.851,72.209,71.78,72.049,1517,64.65448,Up,Down,0,0.0,0.7379999999999995
2025-02-21,72.04,72.04,71.26,71.311,3546,64.66315,Up,Down,0,0.0,0.362000000000009
2025-02-21,71.31,71.37,70.88,70.949,2503,64.66305,Down,Down,1,0.010000000000005116,0.0
2025-02-21,70.939,71.109,70.81,70.939,1667,64.66746,Up,Down,0,0.0,0.05999999999998806
2025-02-21,70.949,71.028,70.799,70.879,1115,64.68061,Up,Down,0,0.0,0.3990000000000009
2025-02-21,70.888,70.919,70.479,70.48,1262,64.69989,Up,Down,0,0.0,0.16200000000000614
2025-02-21,70.489,70.539,70.258,70.318,1346,64.71596,Up,Down,0,0.0,0.12999999999999545
2025-02-21,70.308,70.338,70.177,70.188,638,64.770424,Up,Up,1,0.01999999999999602,0.0
2025-02-21,70.197,70.248,70.148,70.208,509,64.816124,Up,Up,1,0.1280000000000001,0.0
2025-02-23,70.112,70.425,70.037,70.336,1070,64.91705,Up,Up,1,0.0010000000000047748,0.0
2025-02-24,70.345,70.406,70.275,70.337,495,64.79888,Down,Down,1,0.0799999999999983,0.0
2025-02-24,70.325,70.336,70.057,70.257,1632,64.722176,Down,Up,0,0.0,0.0379999999999967
2025-02-24,70.246,70.438,70.116,70.295,889,64.65082,Down,Down,1,0.08899999999999864,0.0
2025-02-24,70.296,70.336,70.206,70.206,525,64.54891,Down,Down,1,0.08100000000000307,0.0
2025-02-24,70.205,70.216,70.115,70.125,309,64.421715,Down,Up,0,0.0,0.06999999999999318
2025-02-24,70.106,70.225,70.096,70.195,490,64.28094,Down,Up,0,0.0,0.06100000000000705
2025-02-24,70.185,70.295,70.164,70.256,688,64.122856,Down,Down,1,0.08199999999999363,0.0
2025-02-24,70.265,70.334,70.035,70.174,831,63.936237,Down,Up,0,0.0,0.12899999999999068
2025-02-24,70.165,70.352,69.975,70.303,2160,63.731735,Down,Down,1,0.08799999999999386,0.0
2025-02-24,70.294,70.393,70.173,70.215,1366,63.519203,Down,Up,0,0.0,0.15699999999999648
2025-02-24,70.214,70.622,70.202,70.372,1763,63.27753,Down,Up,0,0.0,0.08899999999999864
2025-02-24,70.372,70.541,70.342,70.461,1240,63.018406,Down,Down,1,0.18899999999999295,0.0
2025-02-24,70.462,70.489,70.242,70.272,1265,62.74057,Down,Down,1,0.0800000000000125,0.0
2025-02-24,70.273,70.379,70.142,70.192,1824,62.455517,Down,Up,0,0.0,0.09800000000001319
2025-02-24,70.191,70.539,70.151,70.29,3064,62.176342,Down,Up,0,0.0,0.12299999999999045
2025-02-24,70.291,70.776,70.25,70.413,4374,61.929737,Down,Up,0,0.0,0.2469999999999999
2025-02-24,70.424,70.812,70.345,70.66,2777,61.633533,Down,Down,1,0.04200000000000159,0.0
2025-02-24,70.658,70.8,70.566,70.618,1554,61.26685,Down,Up,0,0.0,0.05100000000000193
2025-02-24,70.687,70.807,70.638,70.669,1259,60.851196,Down,Down,1,0.04099999999999682,0.0
2025-02-24,70.677,70.698,70.495,70.628,1790,60.398476,Down,Up,0,0.0,0.09199999999999875
2025-02-24,70.627,70.861,70.537,70.72,1041,59.913376,Down,Up,0,0.0,0.12199999999999989
2025-02-24,70.74,70.872,70.73,70.842,601,59.42283,Down,Down,1,0.06099999999999284,0.0
2025-02-24,70.852,70.92,70.771,70.781,310,58.97256,Down,Down,1,0.11800000000000921,0.0
2025-02-25,70.772,70.852,70.652,70.663,276,58.550472,Down,Up,0,0.0,0.3089999999999975
2025-02-25,70.655,71.0,70.643,70.972,1171,58.181923,Down,Up,0,0.0,0.049000000000006594
2025-02-25,70.971,71.182,70.964,71.021,733,57.994312,Down,Up,0,0.0,0.057999999999992724
2025-02-25,71.03,71.1,71.0,71.079,513,57.868973,Down,Up,0,0.0,0.021000000000000796
2025-02-25,71.08,71.17,71.07,71.1,276,57.805927,Down,Down,1,0.021000000000000796,0.0
2025-02-25,71.109,71.149,71.038,71.079,375,57.7856,Down,Down,1,0.04999999999999716,0.0
2025-02-25,71.078,71.089,70.968,71.029,620,57.797707,Up,Down,0,0.0,0.2879999999999967
2025-02-25,71.019,71.019,70.73,70.741,819,57.829163,Up,Down,0,0.0,0.06199999999999761
2025-02-25,70.74,70.997,70.669,70.679,1631,57.877758,Up,Down,0,0.0,0.08899999999999864
2025-02-25,70.68,70.839,70.589,70.59,1271,57.936966,Up,Down,0,0.0,0.014000000000010004
2025-02-25,70.581,70.816,70.547,70.576,1249,58.006367,Up,Down,0,0.0,0.14699999999999136
2025-02-25,70.577,70.666,70.418,70.429,1041,58.082596,Up,Down,0,0.0,0.34900000000000375
2025-02-25,70.437,70.488,70.041,70.08,1534,58.15349,Up,Down,0,0.0,0.01099999999999568
2025-02-25,70.07,70.282,70.023,70.069,2403,58.230328,Up,Up,1,0.018000000000000682,0.0
2025-02-25,70.078,70.386,70.058,70.087,2893,58.31798,Up,Down,0,0.0,1.2660000000000053
2025-02-25,70.078,70.096,68.818,68.821,6382,58.366524,Up,Down,0,0.0,0.0040000000000048885
2025-02-25,68.827,68.976,68.618,68.817,4128,58.421417,Up,Down,0,0.0,0.04899999999999238
2025-02-25,68.824,68.877,68.628,68.768,2448,58.524666,Up,Up,1,0.08299999999999841,0.0
2025-02-25,68.76,68.901,68.69,68.851,2083,58.664726,Up,Up,1,0.10999999999999943,0.0
2025-02-25,68.842,69.021,68.703,68.961,1952,58.829628,Up,Up,1,0.06799999999999784,0.0
2025-02-25,68.96,69.09,68.924,69.029,697,59.018208,Up,Up,1,0.008000000000009777,0.0
2025-02-25,69.021,69.127,68.788,69.037,1041,59.227997,Up,Down,0,0.0,0.009000000000000341
2025-02-25,69.037,69.082,68.997,69.028,329,59.43044,Up,Down,0,0.0,0.01100000000000989
2025-02-26,69.029,69.106,69.007,69.017,377,59.601707,Up,Up,1,0.07200000000000273,0.0
2025-02-26,69.008,69.168,68.975,69.089,1173,59.78527,Up,Down,0,0.0,0.06799999999999784
2025-02-26,69.08,69.11,68.94,69.021,618,59.955196,Up,Down,0,0.0,0.03300000000000125
2025-02-26,69.011,69.053,68.917,68.988,495,60.12007,Up,Up,1,0.060000000000002274,0.0
2025-02-26,68.989,69.087,68.967,69.048,213,60.277058,Up,Down,0,0.0,0.030000000000001137
2025-02-26,69.048,69.118,69.017,69.018,482,60.429916,Up,Up,1,0.04800000000000182,0.0
2025-02-26,69.025,69.078,68.958,69.066,612,60.581406,Up,Up,1,0.06799999999999784,0.0
2025-02-26,69.056,69.176,68.995,69.134,1064,60.73586,Up,Down,0,0.0,0.27899999999999636
2025-02-26,69.135,69.166,68.777,68.855,2263,60.919415,Up,Up,1,0.05700000000000216,0.0
2025-02-26,68.848,69.212,68.825,68.912,1934,61.10231,Up,Up,1,0.03299999999998704,0.0
2025-02-26,68.913,68.962,68.773,68.945,1873,61.275772,Up,Down,0,0.0,0.14299999999998647
2025-02-26,68.935,69.021,68.748,68.802,1686,61.424164,Up,Down,0,0.0,0.13000000000000966
2025-02-26,68.794,68.843,68.603,68.672,1890,61.548943,Up,Up,1,0.02599999999999625,0.0
2025-02-26,68.673,68.926,68.63,68.698,2621,61.678852,Up,Up,1,0.15200000000000102,0.0
2025-02-26,68.704,69.102,68.648,68.85,4040,61.74201,Up,Down,0,0.0,0.22299999999999898
2025-02-26,68.849,69.051,68.432,68.627,4117,61.746677,Up,Up,1,0.04000000000000625,0.0
2025-02-26,68.626,69.091,68.61,68.667,4218,61.781784,Up,Up,1,0.022999999999996135,0.0
2025-02-26,68.668,68.838,68.298,68.69,3460,61.6674,Down,Down,1,0.2879999999999967,0.0
2025-02-26,68.689,68.709,68.391,68.402,1982,61.459446,Down,Up,0,0.0,0.3580000000000041
2025-02-26,68.395,68.82,68.372,68.76,2455,61.20126,Down,Down,1,0.06900000000000261,0.0
2025-02-26,68.77,68.829,68.613,68.691,774,60.915905,Down,Up,0,0.0,0.04200000000000159
2025-02-26,68.693,68.746,68.653,68.733,505,60.618576,Down,Down,1,0.014000000000010004,0.0
2025-02-26,68.705,68.745,68.614,68.719,257,60.323467,Down,Down,1,0.07899999999999352,0.0
2025-02-27,68.71,68.758,68.618,68.64,289,60.016483,Down,Up,0,0.0,0.06699999999999307
2025-02-27,68.632,68.778,68.597,68.707,1071,59.751465,Down,Up,0,0.0,0.028000000000005798
2025-02-27,68.705,68.805,68.704,68.735,481,59.510323,Down,Down,1,0.0589999999999975,0.0
2025-02-27,68.726,68.765,68.665,68.676,327,59.30486,Down,Down,1,0.009000000000000341,0.0
2025-02-27,68.685,68.686,68.616,68.667,170,59.130318,Down,Up,0,0.0,0.009000000000000341
2025-02-27,68.675,68.715,68.606,68.676,363,58.984135,Down,Down,1,0.01300000000000523,0.0
2025-02-27,68.678,68.755,68.653,68.663,582,58.863194,Down,Up,0,0.0,0.12199999999999989
2025-02-27,68.665,68.844,68.516,68.785,1060,58.76544,Down,Up,0,0.0,0.11599999999999966
2025-02-27,68.774,68.95,68.711,68.901,1609,58.692703,Down,Up,0,0.0,0.3119999999999976
2025-02-27,68.908,69.225,68.85,69.213,1610,58.639374,Down,Down,1,0.006999999999990791,0.0
2025-02-27,69.205,69.235,69.096,69.206,1289,58.618416,Down,Down,1,0.04800000000000182,0.0
2025-02-27,69.197,69.307,69.154,69.158,1239,58.61743,Down,Up,0,0.0,0.055999999999997385
2025-02-27,69.157,69.374,69.098,69.214,1345,58.633068,Up,Up,1,0.09100000000000819,0.0
2025-02-27,69.223,69.79,69.155,69.305,3613,58.657097,Up,Up,1,0.19999999999998863,0.0
2025-02-27,69.304,69.871,69.243,69.505,3599,58.685246,Up,Up,1,0.44599999999999795,0.0
2025-02-27,69.514,70.088,69.449,69.951,3053,58.728046,Up,Down,0,0.0,0.05099999999998772
2025-02-27,69.949,70.011,69.737,69.9,2657,58.83442,Up,Up,1,0.12299999999999045,0.0
2025-02-27,69.898,70.407,69.878,70.023,2510,58.986782,Up,Up,1,0.19200000000000728,0.0
2025-02-27,70.031,70.339,69.943,70.215,1919,59.200993,Up,Down,0,0.0,0.020000000000010232
2025-02-27,70.213,70.336,70.131,70.195,1994,59.452843,Up,Down,0,0.0,0.17899999999998784
2025-02-27,70.188,70.188,70.001,70.016,901,59.73536,Up,Down,0,0.0,0.016000000000005343
2025-02-27,70.013,70.036,69.957,70.0,602,60.01312,Up,Up,1,0.04099999999999682,0.0
2025-02-27,69.995,70.043,69.935,70.041,246,60.28495,Up,Down,0,0.0,0.09900000000000375
2025-02-28,70.053,70.053,69.942,69.942,320,60.531006,Up,Down,0,0.0,0.06199999999999761
2025-02-28,69.952,70.022,69.88,69.88,1130,60.77594,Up,Up,1,0.09799999999999898,0.0
2025-02-28,69.873,70.02,69.84,69.978,804,61.01996,Up,Down,0,0.0,0.10699999999999932
2025-02-28,69.977,70.007,69.861,69.871,607,61.2647,Up,Up,1,0.009000000000000341,0.0
2025-02-28,69.869,69.919,69.81,69.88,345,61.502968,Up,Down,0,0.0,0.03900000000000148
2025-02-28,69.879,69.919,69.75,69.841,595,61.732197,Up,Down,0,0.0,0.1529999999999916
2025-02-28,69.85,69.861,69.668,69.688,871,61.947666,Up,Down,0,0.0,0.09600000000000364
2025-02-28,69.686,69.688,69.516,69.592,1172,62.145176,Up,Down,0,0.0,0.1979999999999933
2025-02-28,69.582,69.62,69.341,69.394,1972,62.33848,Up,Up,1,0.09399999999999409,0.0
2025-02-28,69.39,69.618,69.381,69.488,1696,62.519337,Up,Down,0,0.0,0.21800000000000352
2025-02-28,69.471,69.528,69.233,69.27,1824,62.699524,Up,Up,1,0.06100000000000705,0.0
2025-02-28,69.262,69.4,69.163,69.331,1585,62.802406,Up,Down,0,0.0,0.09900000000000375
2025-02-28,69.33,69.437,69.154,69.232,1463,62.854652,Up,Up,1,0.1490000000000009,0.0
2025-02-28,69.231,69.517,69.222,69.381,2339,62.87836,Up,Down,0,0.0,0.2600000000000051
2025-02-28,69.39,69.493,69.081,69.121,3502,62.843906,Down,Up,0,0.0,0.5840000000000032
2025-02-28,69.113,69.762,69.039,69.705,3670,62.799404,Down,Down,1,0.12000000000000455,0.0
2025-02-28,69.71,69.782,69.378,69.585,3084,62.74274,Down,Up,0,0.0,0.17300000000000182
2025-02-28,69.583,69.861,69.526,69.758,2404,62.67228,Down,Up,0,0.0,0.13500000000000512
2025-02-28,69.756,70.126,69.503,69.893,3154,62.60976,Down,Down,1,0.2639999999999958,0.0
2025-02-28,69.902,69.942,69.478,69.629,2568,62.54496,Down,Up,0,0.0,0.28000000000000114
2025-02-28,69.629,69.945,69.619,69.909,896,62.484425,Down,Down,1,0.07500000000000284,0.0
2025-02-28,69.907,69.948,69.776,69.834,625,62.437584,Down,Up,0,0.0,0.17099999999999227
2025-03-02,69.749,70.069,69.689,70.005,642,62.76339,Up,Up,1,0.12100000000000932,0.0
2025-03-03,70.015,70.16,69.995,70.126,565,62.59624,Down,Up,0,0.0,0.17199999999999704
2025-03-03,70.118,70.35,70.102,70.298,1197,62.27779,Down,Down,1,0.1910000000000025,0.0
2025-03-03,70.3,70.418,70.097,70.107,811,61.833645,Down,Down,1,0.09000000000000341,0.0
2025-03-03,70.107,70.133,69.867,70.017,831,61.33561,Down,Down,1,0.05499999999999261,0.0
2025-03-03,70.015,70.016,69.89,69.962,306,60.83826,Down,Down,1,0.13100000000000023,0.0
2025-03-03,69.96,69.962,69.739,69.831,635,60.372265,Down,Down,1,0.10000000000000853,0.0
2025-03-03,69.829,69.831,69.659,69.731,887,59.948635,Down,Down,1,0.08699999999998909,0.0
2025-03-03,69.729,69.804,69.611,69.644,1118,59.575974,Down,Down,1,0.4300000000000068,0.0
2025-03-03,69.646,69.792,69.186,69.214,2318,59.25682,Down,Down,1,0.08899999999999864,0.0
2025-03-03,69.208,69.334,69.103,69.125,2012,58.978214,Down,Up,0,0.0,0.42199999999999704
2025-03-03,69.115,69.613,69.115,69.547,1895,58.761864,Down,Up,0,0.0,0.15900000000000603
2025-03-03,69.543,69.756,69.503,69.706,1341,58.602596,Down,Up,0,0.0,0.2749999999999915
2025-03-03,69.698,69.981,69.6,69.981,1715,58.5084,Down,Down,1,0.06099999999999284,0.0
2025-03-03,69.983,70.129,69.799,69.92,2673,58.45397,Down,Down,1,0.33800000000000807,0.0
2025-03-03,69.913,70.17,69.529,69.582,3961,58.427315,Down,Down,1,0.2459999999999951,0.0
2025-03-03,69.584,69.584,68.986,69.336,5388,58.415657,Down,Down,1,0.015000000000000568,0.0
2025-03-03,69.326,69.502,69.074,69.321,4120,58.420605,Up,Down,0,0.0,0.001999999999995339
2025-03-03,69.313,69.561,69.247,69.319,2556,58.4446,Up,Down,0,0.0,1.2019999999999982
2025-03-03,69.313,69.321,67.752,68.117,6913,58.424618,Down,Down,1,0.015000000000000568,0.0
2025-03-03,68.125,68.295,67.841,68.102,4323,58.420345,Down,Up,0,0.0,0.027000000000001023
2025-03-03,68.094,68.208,67.907,68.129,2482,58.443855,Up,Up,1,0.12899999999999068,0.0
2025-03-03,68.127,68.298,68.085,68.258,853,58.498226,Up,Down,0,0.0,0.15099999999999625
2025-03-03,68.251,68.263,68.097,68.107,374,58.57442,Up,equal,0,0.0,0.0
2025-03-04,68.115,68.155,68.052,68.107,356,58.692776,Up,Down,0,0.0,0.28000000000000114
2025-03-04,68.107,68.112,67.789,67.827,2147,58.745995,Up,Up,1,0.043000000000006366,0.0
2025-03-04,67.825,68.035,67.825,67.87,1136,58.89106,Up,Up,1,0.08499999999999375,0.0
2025-03-04,67.858,68.099,67.85,67.955,1006,59.070084,Up,Down,0,0.0,0.015000000000000568
2025-03-04,67.965,67.973,67.875,67.94,511,59.247555,Up,Down,0,0.0,0.19199999999999307
2025-03-04,67.932,68.02,67.606,67.748,1326,59.398197,Up,Up,1,0.09199999999999875,0.0
2025-03-04,67.75,67.916,67.71,67.84,1025,59.514412,Up,Down,0,0.0,0.2190000000000083
2025-03-04,67.83,67.84,67.599,67.621,1668,59.5938,Up,Down,0,0.0,0.20599999999998886
2025-03-04,67.627,67.719,67.366,67.415,3182,59.637257,Up,Down,0,0.0,0.058000000000006935
2025-03-04,67.42,67.589,67.272,67.357,2709,59.651344,Up,Up,1,0.20600000000000307,0.0
2025-03-04,67.355,67.679,67.289,67.563,2397,59.64837,Down,Down,1,0.2750000000000057,0.0
2025-03-04,67.553,67.752,67.213,67.288,2470,59.630455,Down,Down,1,0.3370000000000033,0.0
2025-03-04,67.286,67.316,66.916,66.951,2241,59.583286,Down,Up,0,0.0,0.32900000000000773
2025-03-04,66.963,67.481,66.963,67.28,3911,59.533092,Down,Down,1,0.6329999999999956,0.0
2025-03-04,67.288,67.66,66.6,66.647,5543,59.47838,Down,Up,0,0.0,0.43499999999998806
2025-03-04,66.645,67.36,66.577,67.082,6350,59.44954,Down,Up,0,0.0,0.5380000000000109
2025-03-04,67.092,67.633,66.91,67.62,5191,59.439995,Down,Up,0,0.0,0.1700000000000017
2025-03-04,67.63,67.85,67.432,67.79,3584,59.410732,Down,Up,0,0.0,0.18599999999999284
2025-03-04,67.797,68.015,67.721,67.976,3025,59.36251,Down,Up,0,0.0,0.13400000000000034
2025-03-04,67.981,68.13,67.906,68.11,2691,59.405342,Up,Down,0,0.0,0.11700000000000443
2025-03-04,68.112,68.269,67.985,67.993,1205,59.373577,Down,Down,1,0.1670000000000016,0.0
2025-03-04,67.995,68.047,67.437,67.826,1916,59.28057,Down,Down,1,0.13400000000000034,0.0
2025-03-04,67.782,67.87,67.649,67.692,321,59.141148,Down,Up,0,0.0,0.0040000000000048885
2025-03-05,67.691,67.708,67.609,67.696,421,59.02881,Down,Down,1,0.08799999999999386,0.0
2025-03-05,67.704,67.746,67.534,67.608,1903,58.90747,Down,Down,1,0.2780000000000058,0.0
2025-03-05,67.614,67.681,67.323,67.33,1300,58.77037,Down,Up,0,0.0,0.14000000000000057
2025-03-05,67.317,67.502,67.303,67.47,1148,58.620064,Down,Up,0,0.0,0.0010000000000047748
2025-03-05,67.46,67.487,67.372,67.471,490,58.461597,Down,equal,0,0.0,0.0
2025-03-05,67.469,67.561,67.439,67.471,761,58.308212,Down,Up,0,0.0,0.1769999999999925
2025-03-05,67.476,67.651,67.456,67.648,825,58.158215,Down,Down,1,0.0049999999999954525,0.0
2025-03-05,67.641,67.861,67.638,67.643,1551,58.017002,Down,Down,1,0.20300000000000296,0.0
2025-03-05,67.653,67.7,67.347,67.44,3287,57.87518,Down,Down,1,0.24899999999999523,0.0
2025-03-05,67.435,67.68,67.179,67.191,2755,57.73525,Down,Down,1,0.3329999999999984,0.0
2025-03-05,67.199,67.266,66.803,66.858,2655,57.5935,Down,Down,1,0.13000000000000966,0.0
2025-03-05,66.848,67.018,66.702,66.728,2234,57.451344,Down,Up,0,0.0,0.0010000000000047748
2025-03-05,66.748,67.003,66.699,66.729,2203,57.31814,Down,Down,1,0.269999999999996,0.0
2025-03-05,66.727,66.977,66.446,66.459,3812,57.18372,Down,Down,1,0.6910000000000025,0.0
2025-03-05,66.449,66.491,65.738,65.768,4789,57.03017,Down,Down,1,0.18600000000000705,0.0
2025-03-05,65.755,66.166,65.46,65.582,5828,56.881054,Down,Down,1,0.3579999999999899,0.0
2025-03-05,65.58,65.595,65.029,65.224,5219,56.733734,Down,Up,0,0.0,0.7599999999999909
2025-03-05,65.215,66.049,65.096,65.984,4110,56.62969,Down,Up,0,0.0,0.20400000000000773
2025-03-05,65.989,66.213,65.713,66.188,3691,56.56535,Down,Down,1,0.058000000000006935,0.0
2025-03-05,66.178,66.238,65.895,66.13,2581,56.52653,Down,Up,0,0.0,0.10900000000000887
2025-03-05,66.14,66.282,66.085,66.239,1193,56.514614,Down,Down,1,0.06799999999999784,0.0
2025-03-05,66.242,66.249,66.091,66.171,625,56.568645,Up,Up,1,0.06699999999999307,0.0
2025-03-05,66.111,66.26,66.111,66.238,315,56.65984,Up,Down,0,0.0,0.0010000000000047748
2025-03-06,66.23,66.317,66.203,66.237,281,56.783886,Up,Up,1,0.27200000000000557,0.0
2025-03-06,66.244,66.529,66.214,66.509,1274,56.906944,Up,Up,1,0.07899999999999352,0.0
2025-03-06,66.516,66.626,66.499,66.588,913,57.0253,Up,Down,0,0.0,0.14499999999999602
2025-03-06,66.578,66.588,66.403,66.443,701,57.127426,Up,Up,1,0.06100000000000705,0.0
2025-03-06,66.45,66.575,66.387,66.504,516,57.211742,Up,Down,0,0.0,0.2400000000000091
2025-03-06,66.507,66.524,66.241,66.264,812,57.27615,Up,Up,1,0.24200000000000443,0.0
2025-03-06,66.256,66.548,66.234,66.506,1199,57.328255,Up,Up,1,0.0589999999999975,0.0
2025-03-06,66.498,66.66,66.488,66.565,1548,57.371525,Up,Down,0,0.0,0.37300000000000466
2025-03-06,66.557,66.59,65.909,66.192,3075,57.396572,Up,Up,1,0.12600000000000477,0.0
2025-03-06,66.194,66.511,65.972,66.318,3042,57.46453,Up,Down,0,0.0,0.2950000000000017
2025-03-06,66.328,66.458,66.01,66.023,2583,57.580063,Up,Up,1,0.4410000000000025,0.0
2025-03-06,66.013,66.542,65.96,66.464,2470,57.761555,Up,Down,0,0.0,0.0030000000000001137
2025-03-06,66.477,66.646,66.421,66.461,1828,57.944653,Up,Down,0,0.0,0.18899999999999295
2025-03-06,66.458,66.613,66.125,66.272,3428,58.080975,Up,Up,1,0.19599999999999795,0.0
2025-03-06,66.274,66.598,66.134,66.468,4224,58.20936,Up,Down,0,0.0,0.8670000000000044
2025-03-06,66.465,66.772,65.516,65.601,7274,58.278667,Up,Down,0,0.0,0.16400000000000148
2025-03-06,65.621,65.88,65.431,65.437,5912,58.274853,Down,Up,0,0.0,0.6280000000000001
2025-03-06,65.447,66.195,65.404,66.065,4512,58.236217,Down,Up,0,0.0,0.07000000000000739
2025-03-06,66.063,66.282,66.013,66.135,2877,58.17607,Down,Up,0,0.0,0.1319999999999908
2025-03-06,66.145,66.384,66.03,66.267,2853,58.095364,Down,Down,1,0.24199999999999022,0.0
2025-03-06,66.275,66.295,65.987,66.025,1897,57.99695,Down,Up,0,0.0,0.04199999999998738
2025-03-06,66.015,66.199,66.015,66.067,790,57.88859,Down,Up,0,0.0,0.07400000000001228
2025-03-06,66.052,66.144,66.034,66.141,250,57.774647,Down,Down,1,0.09700000000000841,0.0
2025-03-07,66.139,66.149,65.948,66.044,421,57.689034,Down,Up,0,0.0,0.15399999999999636
2025-03-07,66.051,66.253,65.936,66.198,1246,57.61105,Down,Up,0,0.0,0.16100000000000136
2025-03-07,66.188,66.372,66.185,66.359,785,57.545902,Down,Down,1,0.1799999999999926,0.0
2025-03-07,66.352,66.362,66.129,66.179,813,57.486996,Down,Down,1,0.05500000000000682,0.0
2025-03-07,66.171,66.189,66.091,66.124,503,57.43475,Down,Up,0,0.0,0.056000000000011596
2025-03-07,66.114,66.235,66.101,66.18,625,57.387203,Down,Up,0,0.0,0.046999999999997044
2025-03-07,66.18,66.347,66.11,66.227,964,57.34348,Down,Up,0,0.0,0.4329999999999927
2025-03-07,66.224,66.71,66.164,66.66,1539,57.290344,Down,Up,0,0.0,0.26600000000000534
2025-03-07,66.657,67.006,66.586,66.926,2905,57.194096,Down,Up,0,0.0,0.1460000000000008
2025-03-07,66.92,67.091,66.868,67.072,2224,57.092113,Down,Up,0,0.0,0.2539999999999907
2025-03-07,67.069,67.34,66.93,67.326,1904,56.99473,Down,Down,1,0.23399999999999466,0.0
2025-03-07,67.33,67.369,67.062,67.092,1697,56.94421,Down,Up,0,0.0,0.1530000000000058
2025-03-07,67.085,67.419,66.935,67.245,2497,56.943985,Down,Down,1,0.37700000000000955,0.0
2025-03-07,67.235,67.242,66.868,66.868,3703,56.983788,Up,Up,1,0.7740000000000009,0.0
2025-03-07,66.802,67.745,66.741,67.642,5812,57.053898,Up,Down,0,0.0,0.2459999999999951
2025-03-07,67.651,67.988,66.625,67.396,7068,57.159832,Up,Down,0,0.0,0.5109999999999957
2025-03-07,67.399,67.399,66.788,66.885,6075,57.285564,Up,Down,0,0.0,0.10099999999999909
2025-03-07,66.888,67.166,66.675,66.784,4504,57.42347,Up,Up,1,0.03999999999999204,0.0
2025-03-07,66.787,66.94,66.564,66.824,3184,57.64466,Up,Down,0,0.0,0.015000000000000568
2025-03-07,66.818,67.154,66.672,66.809,2944,57.865807,Up,Up,1,0.031999999999996476,0.0
2025-03-07,66.819,66.926,66.762,66.841,1211,58.072018,Up,Up,1,0.034000000000006025,0.0
2025-03-07,66.851,66.898,66.821,66.875,499,58.260242,Up,Down,0,0.0,0.355000000000004
2025-03-09,66.937,66.947,66.513,66.52,774,58.491093,Up,Down,0,0.0,0.1599999999999966
2025-03-09,66.523,66.537,66.317,66.36,616,58.696465,Up,Up,1,0.26600000000000534,0.0
2025-03-10,66.353,66.653,66.336,66.626,744,58.657734,Down,Down,1,0.11700000000000443,0.0
2025-03-10,66.623,66.676,66.433,66.509,1346,58.699623,Up,Down,0,0.0,0.07399999999999807
2025-03-10,66.506,66.605,66.399,66.435,1063,58.726704,Up,Down,0,0.0,0.0030000000000001137
2025-03-10,66.442,66.495,66.345,66.432,751,58.74925,Up,Up,1,0.031999999999996476,0.0
2025-03-10,66.425,66.565,66.422,66.464,306,58.765522,Up,Down,0,0.0,0.05700000000000216
2025-03-10,66.461,66.541,66.291,66.407,787,58.77286,Up,Up,1,0.26300000000000523,0.0
2025-03-10,66.414,66.677,66.351,66.67,882,58.75856,Down,Up,0,0.0,0.19299999999999784
2025-03-10,66.66,66.917,66.567,66.863,1811,58.767097,Up,Down,0,0.0,0.12999999999999545
2025-03-10,66.87,67.013,66.649,66.733,3358,58.726513,Down,Up,0,0.0,0.23299999999998988
2025-03-10,66.74,67.113,66.653,66.966,2573,58.639896,Down,Down,1,0.003999999999990678,0.0
2025-03-10,66.963,67.063,66.759,66.962,2088,58.51764,Down,Up,0,0.0,0.23699999999999477
2025-03-10,66.966,67.265,66.952,67.199,2145,58.368645,Down,Up,0,0.0,0.09300000000000352
2025-03-10,67.192,67.345,67.102,67.292,2258,58.20996,Down,Down,1,0.8979999999999961,0.0
2025-03-10,67.292,67.298,66.348,66.394,5475,58.04215,Down,Down,1,0.20000000000000284,0.0
2025-03-10,66.388,66.581,66.124,66.194,6273,57.80633,Down,Up,0,0.0,0.19599999999999795
2025-03-10,66.201,66.514,66.191,66.39,4112,57.58936,Down,Down,1,0.24399999999999977,0.0
2025-03-10,66.38,66.483,65.956,66.146,3929,57.3861,Down,Down,1,0.3539999999999992,0.0
2025-03-10,66.143,66.166,65.696,65.792,3065,57.139263,Down,Down,1,0.1670000000000016,0.0
2025-03-10,65.796,65.839,65.618,65.625,2172,56.919617,Down,Up,0,0.0,0.09300000000000352
2025-03-10,65.622,65.808,65.552,65.718,1557,56.754887,Down,Down,1,0.04000000000000625,0.0
2025-03-10,65.725,65.751,65.641,65.678,491,56.63133,Down,Down,1,0.15500000000000114,0.0
2025-03-10,65.624,65.67,65.508,65.523,406,56.542118,Down,Down,1,0.006999999999990791,0.0
2025-03-10,65.52,65.54,65.427,65.516,408,56.484978,Down,Down,1,0.21000000000000796,0.0
2025-03-11,65.52,65.52,65.289,65.306,1097,56.44983,Down,Up,0,0.0,0.2190000000000083
2025-03-11,65.316,65.599,65.076,65.525,1835,56.457767,Up,Up,1,0.1559999999999917,0.0
2025-03-11,65.515,65.825,65.465,65.681,1261,56.58568,Up,Up,1,0.016999999999995907,0.0
2025-03-11,65.678,65.791,65.648,65.698,906,56.740883,Up,Down,0,0.0,0.020999999999986585
2025-03-11,65.691,65.727,65.654,65.677,433,56.904133,Up,Up,1,0.0899999999999892,0.0
2025-03-11,65.681,65.837,65.607,65.767,888,57.067017,Up,Up,1,0.10300000000000864,0.0
2025-03-11,65.77,65.946,65.72,65.87,1138,57.22275,Up,Up,1,0.16199999999999193,0.0
2025-03-11,65.883,66.049,65.75,66.032,1601,57.375576,Up,Up,1,0.07600000000000762,0.0
2025-03-11,66.026,66.118,65.889,66.108,2391,57.524532,Up,Up,1,0.04999999999999716,0.0
2025-03-11,66.112,66.287,66.028,66.158,1916,57.6722,Up,Up,1,0.3089999999999975,0.0
2025-03-11,66.154,66.573,66.134,66.467,1997,57.813965,Up,Up,1,0.15200000000000102,0.0
2025-03-11,66.47,66.643,66.367,66.619,1899,57.944393,Up,Down,0,0.0,0.2459999999999951
2025-03-11,66.613,66.693,66.366,66.373,2460,58.059883,Up,Up,1,0.25799999999999557,0.0
2025-03-11,66.383,66.885,66.383,66.631,4144,58.167473,Up,Down,0,0.0,0.3469999999999942
2025-03-11,66.628,66.738,66.238,66.284,5581,58.397655,Up,Up,1,0.18999999999999773,0.0
2025-03-11,66.278,66.73,66.241,66.474,4899,58.572834,Up,Down,0,0.0,0.4000000000000057
2025-03-11,66.468,66.584,66.041,66.074,4300,58.67787,Up,Down,0,0.0,0.09999999999999432
2025-03-11,66.074,66.122,65.934,65.974,2827,58.722496,Up,Up,1,0.23299999999998988,0.0
2025-03-11,65.971,66.32,65.768,66.207,3343,58.72332,Up,Up,1,0.006000000000000227,0.0
2025-03-11,66.204,66.349,66.14,66.213,1864,58.67493,Down,Up,0,0.0,0.1360000000000099
2025-03-11,66.209,66.439,66.209,66.349,686,58.597466,Down,Up,0,0.0,0.02199999999999136
2025-03-11,66.336,66.385,66.279,66.371,207,58.49727,Down,Up,0,0.0,0.03300000000000125
2025-03-11,66.374,66.49,66.345,66.404,353,58.382805,Down,Down,1,0.013999999999995794,0.0
2025-03-12,66.407,66.461,66.24,66.39,540,58.28787,Down,Up,0,0.0,0.03300000000000125
2025-03-12,66.384,66.486,66.267,66.423,1068,58.215878,Down,Up,0,0.0,0.01300000000000523
2025-03-12,66.419,66.576,66.359,66.436,823,58.168213,Down,Down,1,0.0040000000000048885,0.0
2025-03-12,66.436,66.509,66.383,66.432,701,58.15461,Down,Up,0,0.0,0.05299999999999727
2025-03-12,66.439,66.535,66.432,66.485,330,58.133354,Down,Down,1,0.11700000000000443,0.0
2025-03-12,66.481,66.531,66.338,66.368,727,58.099857,Down,Down,1,0.3569999999999993,0.0
2025-03-12,66.364,66.374,66.005,66.011,959,58.07899,Down,Up,0,0.0,0.26600000000000534
2025-03-12,66.015,66.333,65.904,66.277,1644,58.083134,Up,Up,1,0.01300000000000523,0.0
2025-03-12,66.273,66.489,66.227,66.29,2649,58.125736,Up,Up,1,0.17199999999999704,0.0
2025-03-12,66.306,66.489,66.196,66.462,1889,58.164738,Up,Up,1,0.19199999999999307,0.0
2025-03-12,66.472,66.775,66.452,66.654,2087,58.194035,Up,Up,1,0.12700000000000955,0.0
2025-03-12,66.642,66.801,66.581,66.781,1618,58.175346,Down,Up,0,0.0,0.07199999999998852
2025-03-12,66.768,67.014,66.684,66.853,2863,58.147762,Down,Up,0,0.0,0.15800000000000125
2025-03-12,66.85,67.221,66.762,67.011,4055,58.1026,Down,Up,0,0.0,0.35300000000000864
2025-03-12,67.014,67.42,66.948,67.364,4224,58.05604,Down,Up,0,0.0,0.0049999999999954525
2025-03-12,67.378,67.504,67.022,67.369,3511,58.03733,Down,Up,0,0.0,0.05700000000000216
2025-03-12,67.365,67.609,67.315,67.426,3160,58.067772,Up,Down,0,0.0,0.02599999999999625
2025-03-12,67.429,67.558,67.372,67.4,2180,58.112698,Up,Up,1,0.07699999999999818,0.0
2025-03-12,67.398,67.557,67.372,67.477,1531,58.168465,Up,Down,0,0.0,0.030000000000001137
2025-03-12,67.477,67.5,67.331,67.447,757,58.242313,Up,Up,1,0.006000000000000227,0.0
2025-03-12,67.451,67.493,67.403,67.453,476,58.322727,Up,Up,1,0.01999999999999602,0.0
2025-03-12,67.44,67.546,67.44,67.473,261,58.40576,Up,Down,0,0.0,0.03300000000000125
2025-03-12,67.469,67.525,67.417,67.44,228,58.48839,Up,Down,0,0.0,0.07399999999999807
2025-03-13,67.433,67.433,67.294,67.366,495,58.579742,Up,Down,0,0.0,0.08100000000000307
2025-03-13,67.36,67.426,67.256,67.285,967,58.67439,Up,Up,1,0.18999999999999773,0.0
2025-03-13,67.279,67.543,67.255,67.475,883,58.76927,Up,Down,0,0.0,0.05999999999998806
2025-03-13,67.485,67.509,67.346,67.415,683,58.861485,Up,Down,0,0.0,0.04100000000001103
2025-03-13,67.415,67.431,67.321,67.374,378,58.946117,Up,Down,0,0.0,0.14300000000000068
2025-03-13,67.378,67.378,67.228,67.231,865,59.020794,Up,Down,0,0.0,0.009000000000000341
2025-03-13,67.234,67.286,67.174,67.222,1112,59.08282,Up,Up,1,0.2670000000000101,0.0
2025-03-13,67.232,67.585,67.192,67.489,1594,59.14094,Up,Down,0,0.0,0.08299999999999841
2025-03-13,67.491,67.699,67.35,67.406,2776,59.2639,Up,Down,0,0.0,0.3850000000000051
2025-03-13,67.412,67.499,67.015,67.021,2457,59.363018,Up,Up,1,0.12099999999999511,0.0
2025-03-13,67.029,67.192,66.905,67.142,2145,59.487843,Up,Down,0,0.0,0.08099999999998886
2025-03-13,67.138,67.37,67.011,67.061,1800,59.64948,Up,Down,0,0.0,0.0940000000000083
2025-03-13,67.051,67.169,66.89,66.967,2650,59.80829,Up,Down,0,0.0,0.13700000000000045
2025-03-13,66.962,66.968,66.724,66.83,3740,59.911903,Up,Up,1,0.06799999999999784,0.0
2025-03-13,66.834,67.099,66.604,66.898,4948,59.957787,Up,Down,0,0.0,0.3340000000000032
2025-03-13,66.894,66.99,66.147,66.564,5461,59.872326,Down,Down,1,0.12999999999999545,0.0
2025-03-13,66.56,66.81,66.34,66.434,4522,59.71299,Down,Down,1,0.23499999999999943,0.0
2025-03-13,66.432,66.506,66.179,66.199,3255,59.470093,Down,Up,0,0.0,0.10500000000000398
2025-03-13,66.193,66.364,66.149,66.304,2652,59.234398,Down,Up,0,0.0,0.006000000000000227
2025-03-13,66.314,66.422,66.26,66.31,1199,59.018913,Down,Up,0,0.0,0.21099999999999852
2025-03-13,66.31,66.565,66.304,66.521,855,58.836735,Down,Up,0,0.0,0.07899999999999352
2025-03-13,66.447,66.631,66.431,66.6,318,58.691463,Down,Down,1,0.027999999999991587,0.0
2025-03-13,66.59,66.666,66.566,66.572,365,58.58605,Down,Up,0,0.0,0.033999999999991815
2025-03-14,66.57,66.642,66.46,66.606,775,58.537888,Down,Up,0,0.0,0.0350000000000108
2025-03-14,66.602,66.659,66.475,66.641,1299,58.528366,Down,Up,0,0.0,0.10999999999999943
2025-03-14,66.645,66.779,66.621,66.751,804,58.556053,Up,Up,1,0.027000000000001023,0.0
2025-03-14,66.755,66.895,66.731,66.778,625,58.61587,Up,Down,0,0.0,0.0040000000000048885
2025-03-14,66.77,66.794,66.754,66.774,302,58.695473,Up,Up,1,0.04999999999999716,0.0
2025-03-14,66.778,66.834,66.714,66.824,563,58.787964,Up,Up,1,0.20100000000000762,0.0
2025-03-14,66.828,67.039,66.705,67.025,1031,58.895058,Up,Up,1,0.04799999999998761,0.0
2025-03-14,67.029,67.159,66.957,67.073,1405,59.009575,Up,Up,1,0.125,0.0
2025-03-14,67.071,67.224,66.903,67.198,2119,59.121624,Up,Down,0,0.0,0.11399999999999011
2025-03-14,67.194,67.194,66.914,67.084,1656,59.242832,Up,Down,0,0.0,0.1910000000000025
2025-03-14,67.084,67.094,66.844,66.893,1708,59.41185,Up,Down,0,0.0,0.11400000000000432
2025-03-14,66.899,67.057,66.725,66.779,1728,59.55643,Up,Up,1,0.15000000000000568,0.0
2025-03-14,66.773,67.003,66.773,66.929,1989,59.682125,Up,Down,0,0.0,0.20900000000000318
2025-03-14,66.915,66.925,66.372,66.72,4573,59.786106,Up,Down,0,0.0,0.010000000000005116
2025-03-14,66.714,66.736,66.358,66.71,4309,59.867092,Up,Up,1,0.05900000000001171,0.0
2025-03-14,66.706,66.838,66.589,66.769,2809,59.93142,Up,Up,1,0.06199999999999761,0.0
2025-03-14,66.759,66.865,66.689,66.831,2583,59.97755,Up,Up,1,0.007999999999995566,0.0
2025-03-14,66.837,67.061,66.771,66.839,2190,59.997475,Up,Up,1,0.13299999999999557,0.0
2025-03-14,66.829,67.032,66.829,66.972,1349,60.001587,Up,Down,0,0.0,0.0379999999999967
2025-03-14,66.98,67.032,66.906,66.934,632,60.001736,Up,Down,0,0.0,0.015000000000000568
2025-03-14,66.932,66.971,66.878,66.919,555,59.98967,Down,Up,0,0.0,0.42499999999999716
2025-03-16,67.34,67.545,67.245,67.344,1104,60.032265,Up,Up,1,0.07500000000000284,0.0
2025-03-16,67.339,67.52,67.29,67.419,532,60.080994,Up,Up,1,0.27200000000000557,0.0
2025-03-17,67.415,67.711,67.395,67.691,945,59.894646,Down,Up,0,0.0,0.013999999999995794
2025-03-17,67.69,68.113,67.635,67.705,2294,59.78196,Down,Down,1,0.2609999999999957,0.0
2025-03-17,67.7,67.715,67.42,67.444,980,59.659046,Down,Down,1,0.09700000000000841,0.0
2025-03-17,67.443,67.443,67.263,67.347,749,59.565212,Down,Up,0,0.0,0.07000000000000739
2025-03-17,67.343,67.453,67.343,67.417,529,59.486797,Down,Down,1,0.028999999999996362,0.0
2025-03-17,67.412,67.517,67.367,67.388,763,59.41523,Down,Up,0,0.0,0.06799999999999784
2025-03-17,67.371,67.482,67.292,67.456,962,59.33651,Down,Up,0,0.0,0.015000000000000568
2025-03-17,67.452,67.546,67.377,67.471,1228,59.246563,Down,equal,0,0.0,0.0
2025-03-17,67.476,67.536,67.286,67.471,2313,59.142906,Down,Up,0,0.0,0.13799999999999102
2025-03-17,67.471,67.676,67.391,67.609,1971,59.036606,Down,Up,0,0.0,0.17600000000000193
2025-03-17,67.615,67.795,67.489,67.785,1533,58.923607,Down,Up,0,0.0,0.045000000000001705
2025-03-17,67.795,67.914,67.72,67.83,1272,58.811092,Down,Down,1,0.02199999999999136,0.0
2025-03-17,67.824,67.845,67.679,67.808,1437,58.707462,Down,Down,1,0.2050000000000125,0.0
2025-03-17,67.805,67.834,67.448,67.603,3250,58.604355,Down,Down,1,0.4409999999999883,0.0
2025-03-17,67.602,67.625,67.132,67.162,3885,58.497025,Down,Up,0,0.0,0.20999999999999375
2025-03-17,67.171,67.471,67.011,67.372,3902,58.38814,Down,Down,1,0.11400000000000432,0.0
2025-03-17,67.376,67.451,67.154,67.258,2942,58.302303,Down,Up,0,0.0,0.24399999999999977
2025-03-17,67.263,67.528,67.233,67.502,1678,58.243683,Down,Down,1,0.19499999999999318,0.0
2025-03-17,67.508,67.608,67.257,67.307,1971,58.186813,Down,Down,1,0.01099999999999568,0.0
2025-03-17,67.302,67.407,67.281,67.296,729,58.153698,Down,Down,1,0.030000000000001137,0.0
2025-03-17,67.296,67.345,67.246,67.266,504,58.103752,Down,Down,1,0.13100000000000023,0.0
2025-03-17,67.23,67.275,67.085,67.135,271,58.037003,Down,Up,0,0.0,0.0589999999999975
2025-03-17,67.14,67.224,67.12,67.194,195,58.05234,Up,Up,1,0.05499999999999261,0.0
2025-03-18,67.199,67.305,67.194,67.249,657,58.02705,Down,Up,0,0.0,0.22100000000000364
2025-03-18,67.239,67.515,67.199,67.47,1258,58.00495,Down,Up,0,0.0,0.1490000000000009
2025-03-18,67.474,67.634,67.44,67.619,770,58.058784,Up,Down,0,0.0,0.10999999999999943
2025-03-18,67.624,67.624,67.489,67.509,586,58.096363,Up,Up,1,0.02400000000000091,0.0
2025-03-18,67.514,67.584,67.489,67.533,224,58.114025,Up,Up,1,0.20000000000000284,0.0
2025-03-18,67.528,67.743,67.499,67.733,700,58.118935,Up,Down,0,0.0,0.01100000000000989
2025-03-18,67.737,67.753,67.668,67.722,872,58.108246,Down,Up,0,0.0,0.22100000000000364
2025-03-18,67.717,67.963,67.678,67.943,901,58.084324,Down,Up,0,0.0,0.18500000000000227
2025-03-18,67.938,68.232,67.908,68.128,1846,58.04959,Down,Up,0,0.0,0.25499999999999545
2025-03-18,68.128,68.414,68.098,68.383,1803,58.013733,Down,Down,1,0.13599999999999568,0.0
2025-03-18,68.373,68.492,68.197,68.247,1809,57.981148,Down,Up,0,0.0,0.054000000000002046
2025-03-18,68.252,68.31,68.066,68.301,1496,57.950386,Down,Down,1,0.13599999999999568,0.0
2025-03-18,68.3,68.361,68.065,68.165,1661,57.92721,Down,Down,1,0.43200000000000216,0.0
2025-03-18,68.165,68.169,67.699,67.733,3630,57.906006,Down,Down,1,0.20000000000000284,0.0
2025-03-18,67.738,67.738,67.473,67.533,3585,57.884666,Down,Down,1,0.4719999999999942,0.0
2025-03-18,67.538,67.598,67.051,67.061,3226,57.84478,Down,Down,1,0.4340000000000117,0.0
2025-03-18,67.051,67.111,66.587,66.627,3927,57.70567,Down,Up,0,0.0,0.21000000000000796
2025-03-18,66.622,67.332,66.562,66.837,4261,57.605824,Down,Down,1,0.12100000000000932,0.0
2025-03-18,66.826,66.927,66.628,66.716,2245,57.546326,Down,Up,0,0.0,0.06400000000000716
2025-03-18,66.701,66.796,66.681,66.78,897,57.53123,Down,Down,1,0.21999999999999886,0.0
2025-03-18,66.78,66.785,66.45,66.56,737,57.544937,Up,Up,1,0.09999999999999432,0.0
2025-03-18,66.615,66.68,66.57,66.66,196,57.596077,Up,equal,0,0.0,0.0
2025-03-18,66.67,66.69,66.61,66.66,125,57.676052,Up,Up,1,0.014000000000010004,0.0
2025-03-19,66.67,66.714,66.574,66.674,563,57.78133,Up,Down,0,0.0,0.23000000000000398
2025-03-19,66.664,66.664,66.434,66.444,879,57.922726,Up,Up,1,0.09999999999999432,0.0
2025-03-19,66.434,66.614,66.434,66.544,437,58.07663,Up,Up,1,0.010000000000005116,0.0
2025-03-19,66.544,66.614,66.514,66.554,332,58.24709,Up,Down,0,0.0,0.04999999999999716
2025-03-19,66.554,66.573,66.483,66.504,188,58.422176,Up,Down,0,0.0,0.08100000000000307
2025-03-19,66.514,66.524,66.374,66.423,370,58.59273,Up,Down,0,0.0,0.12999999999999545
2025-03-19,66.414,66.423,66.203,66.293,736,58.74464,Up,Up,1,0.14999999999999147,0.0
2025-03-19,66.303,66.553,66.303,66.443,744,58.89223,Up,Down,0,0.0,0.3199999999999932
2025-03-19,66.433,66.603,66.103,66.123,1297,59.02058,Up,Up,1,0.22999999999998977,0.0
2025-03-19,66.133,66.383,66.083,66.353,1102,59.134647,Up,Up,1,0.2400000000000091,0.0
2025-03-19,66.363,66.593,66.333,66.593,1144,59.243954,Up,Up,1,0.1490000000000009,0.0
2025-03-19,66.592,66.762,66.552,66.742,860,59.35069,Up,Up,1,0.009999999999990905,0.0
2025-03-19,66.732,66.782,66.552,66.752,863,59.44696,Up,Down,0,0.0,0.030000000000001137
2025-03-19,66.742,66.882,66.502,66.722,1607,59.543114,Up,Up,1,0.18000000000000682,0.0
2025-03-19,66.712,67.012,66.642,66.902,1994,59.70214,Up,Up,1,0.09999999999999432,0.0
2025-03-19,66.922,67.292,66.902,67.002,1659,59.89819,Up,Up,1,0.3100000000000023,0.0
2025-03-19,66.992,67.412,66.832,67.312,1907,60.141987,Up,Down,0,0.0,0.3499999999999943
2025-03-19,67.312,67.382,66.932,66.962,1145,60.33054,Up,Down,0,0.0,0.010000000000005116
2025-03-19,66.972,67.002,66.702,66.952,1680,60.44454,Up,Up,1,0.049000000000006594,0.0
2025-03-19,66.952,67.091,66.942,67.001,566,60.513634,Up,Up,1,0.030000000000001137,0.0
2025-03-19,67.011,67.041,66.961,67.031,351,60.538395,Up,Up,1,0.028999999999996362,0.0
2025-03-19,67.011,67.08,66.991,67.06,132,60.52665,Down,Up,0,0.0,0.01999999999999602
2025-03-19,67.07,67.1,67.04,67.08,94,60.48439,Down,Down,1,0.010000000000005116,0.0
2025-03-20,67.07,67.11,66.99,67.07,215,60.423252,Down,Up,0,0.0,0.08900000000001285
2025-03-20,67.07,67.25,67.06,67.159,821,60.367226,Down,Up,0,0.0,0.04999999999999716
2025-03-20,67.169,67.319,67.139,67.209,395,60.301147,Down,Up,0,0.0,0.09000000000000341
2025-03-20,67.199,67.309,67.179,67.299,324,60.231396,Down,Down,1,0.01100000000000989,0.0
2025-03-20,67.289,67.318,67.268,67.288,154,60.161285,Down,Down,1,0.060000000000002274,0.0
2025-03-20,67.278,67.288,67.208,67.228,254,60.093655,Down,Up,0,0.0,0.10900000000000887
2025-03-20,67.218,67.368,67.188,67.337,444,60.021854,Down,Down,1,0.030000000000001137,0.0
2025-03-20,67.327,67.357,67.097,67.307,558,59.95458,Down,Up,0,0.0,0.060000000000002274
2025-03-20,67.307,67.507,67.297,67.367,990,59.88848,Down,Down,1,0.3200000000000074,0.0
2025-03-20,67.367,67.427,67.007,67.047,1476,59.827248,Down,Down,1,0.13100000000000023,0.0
2025-03-20,67.046,67.086,66.766,66.916,1226,59.79036,Down,Up,0,0.0,0.29999999999999716
2025-03-20,66.916,67.216,66.906,67.216,877,59.798206,Up,Down,0,0.0,0.2809999999999917
2025-03-20,67.206,67.206,66.906,66.935,1324,59.81587,Up,Down,0,0.0,0.09000000000000341
2025-03-20,66.935,66.965,66.605,66.845,3764,59.811543,Down,Up,0,0.0,1.0289999999999964
2025-03-20,66.825,67.913,66.805,67.874,3401,59.752445,Down,Up,0,0.0,0.07900000000000773
2025-03-20,67.883,68.193,67.833,67.953,1946,59.770084,Up,Up,1,0.0589999999999975,0.0
2025-03-20,67.933,68.072,67.843,68.012,1602,59.806347,Up,Up,1,0.04000000000000625,0.0
2025-03-20,68.002,68.112,67.922,68.052,1126,59.860104,Up,Up,1,0.08899999999999864,0.0
2025-03-20,68.042,68.151,67.962,68.141,1105,59.923088,Up,Up,1,0.05999999999998806,0.0
2025-03-20,68.151,68.241,68.141,68.201,464,59.98804,Up,Up,1,0.13900000000001,0.0
2025-03-20,68.191,68.38,68.191,68.34,382,60.05124,Up,Up,1,0.13799999999999102,0.0
2025-03-20,68.309,68.619,68.309,68.478,335,60.117783,Up,Up,1,0.049000000000006594,0.0
2025-03-20,68.473,68.547,68.468,68.527,219,60.185356,Up,Down,0,0.0,0.04000000000000625
2025-03-21,68.537,68.567,68.437,68.487,437,60.268185,Up,Down,0,0.0,0.10999999999999943
2025-03-21,68.477,68.577,68.347,68.377,750,60.36299,Up,Down,0,0.0,0.05100000000000193
2025-03-21,68.377,68.387,68.276,68.326,427,60.459587,Up,Up,1,0.07000000000000739,0.0
2025-03-21,68.346,68.426,68.306,68.396,356,60.56301,Up,Down,0,0.0,0.13100000000000023
2025-03-21,68.406,68.415,68.245,68.265,244,60.664707,Up,Up,1,0.04999999999999716,0.0
2025-03-21,68.265,68.335,68.215,68.315,364,60.76105,Up,Down,0,0.0,0.14000000000000057
2025-03-21,68.324,68.395,68.105,68.175,508,60.85003,Up,Down,0,0.0,0.000999999999990564
2025-03-21,68.194,68.274,68.114,68.174,795,60.92584,Up,Down,0,0.0,0.1110000000000042
2025-03-21,68.184,68.373,68.049,68.063,1529,60.99284,Up,Down,0,0.0,0.1490000000000009
2025-03-21,68.074,68.173,67.844,67.914,1178,61.044453,Up,Down,0,0.0,0.13100000000000023
2025-03-21,67.924,67.924,67.733,67.783,941,61.080585,Up,Down,0,0.0,0.08100000000000307
2025-03-21,67.773,67.842,67.673,67.702,766,61.1056,Up,Up,1,0.1880000000000024,0.0
2025-03-21,67.712,68.05,67.652,67.89,1157,61.131317,Up,Down,0,0.0,0.06799999999999784
2025-03-21,67.891,67.941,67.622,67.822,2115,61.153877,Up,Up,1,0.4479999999999933,0.0
2025-03-21,67.812,68.299,67.812,68.27,2245,61.187122,Up,Down,0,0.0,0.35899999999999466
2025-03-21,68.29,68.3,67.851,67.911,1628,61.34795,Up,Up,1,0.40800000000000125,0.0
2025-03-21,67.901,68.359,67.88,68.319,1736,61.411274,Up,Down,0,0.0,0.09000000000000341
2025-03-21,68.309,68.368,68.209,68.229,824,61.424236,Up,Up,1,0.08899999999999864,0.0
2025-03-21,68.229,68.319,68.129,68.318,919,61.388756,Down,Down,1,0.1490000000000009,0.0
2025-03-21,68.309,68.329,68.119,68.169,377,61.31855,Down,Up,0,0.0,0.09900000000000375
2025-03-21,68.189,68.299,68.189,68.268,254,61.224598,Down,Down,1,0.001999999999995339,0.0
2025-03-23,68.314,68.383,68.106,68.266,424,61.124966,Down,Up,0,0.0,0.08899999999999864
2025-03-23,68.276,68.363,68.227,68.355,186,61.066425,Down,Down,1,0.25,0.0
2025-03-24,68.354,68.404,68.105,68.105,357,60.953403,Down,Down,1,0.1700000000000017,0.0
2025-03-24,68.115,68.333,67.913,67.935,935,60.837914,Down,Up,0,0.0,0.05700000000000216
2025-03-24,67.924,68.094,67.914,67.992,433,60.680042,Down,Up,0,0.0,0.007999999999995566
2025-03-24,68.002,68.022,67.892,68.0,426,60.465847,Down,Down,1,0.04800000000000182,0.0
2025-03-24,67.992,68.011,67.952,67.952,138,60.210705,Down,Up,0,0.0,0.14799999999999613
2025-03-24,67.95,68.13,67.941,68.1,313,59.93198,Down,Up,0,0.0,0.1280000000000001
2025-03-24,68.101,68.276,68.09,68.228,687,59.63863,Down,Up,0,0.0,0.19900000000001228
2025-03-24,68.237,68.476,68.208,68.427,810,59.34119,Down,Down,1,0.2680000000000007,0.0
2025-03-24,68.418,68.428,68.01,68.159,1723,59.049202,Down,Up,0,0.0,0.347999999999999
2025-03-24,68.168,68.527,68.05,68.507,1556,58.770782,Down,Up,0,0.0,0.29999999999999716
2025-03-24,68.506,68.817,68.487,68.807,1275,58.523113,Down,Down,1,0.132000000000005,0.0
2025-03-24,68.816,68.846,68.638,68.675,1068,58.324596,Down,Down,1,0.34499999999999886,0.0
2025-03-24,68.667,68.714,68.311,68.33,1536,58.163773,Down,Up,0,0.0,0.2560000000000002
2025-03-24,68.33,68.636,68.19,68.586,2667,58.047955,Down,Up,0,0.0,0.3410000000000082
2025-03-24,68.584,69.026,68.42,68.927,3684,57.953766,Down,Up,0,0.0,0.17799999999999727
2025-03-24,68.918,69.145,68.837,69.105,1845,57.893497,Down,Down,1,0.07099999999999795,0.0
2025-03-24,69.106,69.253,68.857,69.034,2350,57.845123,Down,Down,1,0.14700000000000557,0.0
2025-03-24,69.026,69.026,68.718,68.887,1701,57.826057,Down,Up,0,0.0,0.19700000000000273
2025-03-24,68.895,69.093,68.826,69.084,1496,57.81282,Down,Up,0,0.0,0.057999999999992724
2025-03-24,69.085,69.183,69.074,69.142,671,57.806442,Down,Down,1,0.06999999999999318,0.0
2025-03-24,69.143,69.153,69.061,69.072,335,57.79839,Down,Up,0,0.0,0.057999999999992724
2025-03-24,69.091,69.181,69.091,69.13,216,57.788376,Down,Down,1,0.04899999999999238,0.0
2025-03-24,69.129,69.139,69.071,69.081,110,57.77795,Down,Down,1,0.03100000000000591,0.0
2025-03-25,69.08,69.101,68.981,69.05,325,57.755802,Down,Down,1,0.0799999999999983,0.0
2025-03-25,69.052,69.11,68.941,68.97,753,57.77156,Up,Up,1,0.010000000000005116,0.0
2025-03-25,68.961,69.114,68.951,68.98,410,57.905632,Up,Up,1,0.04999999999999716,0.0
2025-03-25,68.98,69.051,68.97,69.03,259,58.05111,Up,Down,0,0.0,0.04099999999999682
2025-03-25,69.01,69.038,68.969,68.989,194,58.19588,Up,Up,1,0.03900000000000148,0.0
2025-03-25,68.988,69.128,68.969,69.028,488,58.350388,Up,Down,0,0.0,0.04200000000000159
2025-03-25,69.019,69.047,68.798,68.986,676,58.546486,Up,Up,1,0.3369999999999891,0.0
2025-03-25,68.987,69.331,68.977,69.323,1025,58.75274,Up,Down,0,0.0,0.028999999999996362
2025-03-25,69.331,69.371,69.172,69.294,1659,58.949482,Up,Up,1,0.1880000000000024,0.0
2025-03-25,69.302,69.501,69.273,69.482,1106,59.129593,Up,Down,0,0.0,0.057999999999992724
2025-03-25,69.483,69.532,69.353,69.424,1037,59.35608,Up,Up,1,0.10699999999999932,0.0
2025-03-25,69.423,69.542,69.313,69.531,921,59.552334,Up,Up,1,0.006000000000000227,0.0
2025-03-25,69.532,69.551,69.399,69.537,1237,59.71913,Up,Down,0,0.0,0.038000000000010914
2025-03-25,69.538,69.579,69.429,69.499,1988,59.862038,Up,Down,0,0.0,0.5069999999999908
2025-03-25,69.49,69.51,68.99,68.992,3245,60.005726,Up,Down,0,0.0,0.11299999999999955
2025-03-25,68.995,69.107,68.829,68.879,2259,60.107746,Up,Down,0,0.0,0.1600000000000108
2025-03-25,68.887,68.938,68.433,68.719,3464,60.080933,Down,Up,0,0.0,0.06800000000001205
2025-03-25,68.71,68.837,68.589,68.787,1739,60.006752,Down,Up,0,0.0,0.11099999999999
2025-03-25,68.77,68.95,68.729,68.898,1320,59.897854,Down,Up,0,0.0,0.16500000000000625
2025-03-25,68.89,69.094,68.888,69.063,723,59.770428,Down,Up,0,0.0,0.03900000000000148
2025-03-25,69.063,69.163,69.004,69.102,544,59.627125,Down,Up,0,0.0,0.08899999999999864
2025-03-25,69.054,69.34,69.034,69.191,300,59.480804,Down,Up,0,0.0,0.009999999999990905
2025-03-25,69.182,69.212,69.182,69.201,88,59.335846,Down,Up,0,0.0,0.009000000000000341
2025-03-26,69.2,69.222,69.151,69.21,323,59.193714,Down,Up,0,0.0,0.04100000000001103
2025-03-26,69.201,69.291,69.101,69.251,855,59.10477,Down,Down,1,0.04200000000000159,0.0
2025-03-26,69.25,69.261,69.13,69.209,529,59.041725,Down,Down,1,0.12000000000000455,0.0
2025-03-26,69.2,69.21,69.07,69.089,483,59.009262,Down,Down,1,0.05100000000000193,0.0
2025-03-26,69.098,69.119,69.021,69.038,321,58.999985,Down,Up,0,0.0,0.13100000000000023
2025-03-26,69.039,69.199,69.027,69.169,495,59.01543,Up,Up,1,0.04800000000000182,0.0
2025-03-26,69.168,69.248,69.107,69.217,651,59.046635,Up,Down,0,0.0,0.1979999999999933
2025-03-26,69.208,69.258,68.971,69.019,1145,59.093006,Up,Up,1,0.2009999999999934,0.0
2025-03-26,69.038,69.287,69.01,69.22,1770,59.158638,Up,Up,1,0.15900000000000603,0.0
2025-03-26,69.228,69.446,69.109,69.379,1308,59.236923,Up,Up,1,0.14799999999999613,0.0
2025-03-26,69.37,69.598,69.279,69.527,1213,59.32755,Up,Down,0,0.0,0.012000000000000455
2025-03-26,69.537,69.642,69.457,69.515,1011,59.42527,Up,Down,0,0.0,0.006000000000000227
2025-03-26,69.507,69.595,69.399,69.509,1315,59.53366,Up,Up,1,0.28300000000000125,0.0
2025-03-26,69.517,69.832,69.429,69.792,2811,59.635128,Up,Up,1,0.07200000000000273,0.0
2025-03-26,69.784,69.9,69.683,69.864,2530,59.749676,Up,Up,1,0.08899999999999864,0.0
2025-03-26,69.863,70.094,69.634,69.953,2582,59.875896,Up,Down,0,0.0,0.24399999999999977
2025-03-26,69.952,69.961,69.654,69.709,2648,60.022552,Up,Down,0,0.0,0.24200000000000443
2025-03-26,69.698,69.74,69.366,69.467,1771,60.17582,Up,Up,1,0.05100000000000193,0.0
2025-03-26,69.466,69.61,69.427,69.518,1249,60.32188,Up,Up,1,0.09300000000000352,0.0
2025-03-26,69.51,69.659,69.498,69.611,716,60.50075,Up,Up,1,0.21699999999999875,0.0
2025-03-26,69.618,69.886,69.618,69.828,405,60.700848,Up,Down,0,0.0,0.21000000000000796
2025-03-26,69.729,69.759,69.54,69.618,381,60.86271,Up,Down,0,0.0,0.000999999999990564
2025-03-26,69.609,69.628,69.518,69.617,321,60.98878,Up,Up,1,0.07799999999998875,0.0
2025-03-27,69.626,69.724,69.626,69.695,484,61.065754,Up,Down,0,0.0,0.04099999999999682
2025-03-27,69.705,69.744,69.585,69.654,868,61.14651,Up,Up,1,0.060000000000002274,0.0
2025-03-27,69.662,69.745,69.653,69.714,483,61.220226,Up,Down,0,0.0,0.06699999999999307
2025-03-27,69.714,69.715,69.604,69.647,438,61.29548,Up,Up,1,0.006999999999990791,0.0
2025-03-27,69.654,69.694,69.634,69.654,256,61.3789,Up,Down,0,0.0,0.16899999999999693
2025-03-27,69.645,69.654,69.484,69.485,524,61.46625,Up,Down,0,0.0,0.10999999999999943
2025-03-27,69.484,69.533,69.374,69.375,1005,61.552032,Up,Down,0,0.0,0.06799999999999784
2025-03-27,69.366,69.424,69.276,69.307,1095,61.633137,Up,Down,0,0.0,0.08100000000000307
2025-03-27,69.305,69.396,69.116,69.226,1666,61.70613,Up,Up,1,0.07800000000000296,0.0
2025-03-27,69.234,69.422,69.213,69.304,1347,61.85725,Up,Up,1,0.009999999999990905,0.0
2025-03-27,69.303,69.554,69.274,69.314,1472,61.973618,Up,Up,1,0.11000000000001364,0.0
2025-03-27,69.323,69.435,69.216,69.424,1283,62.055237,Up,Up,1,0.15699999999999648,0.0
2025-03-27,69.433,69.588,69.354,69.581,1687,62.11254,Up,Down,0,0.0,0.12100000000000932
2025-03-27,69.598,69.617,69.016,69.46,3813,62.143707,Up,Up,1,0.3170000000000073,0.0
2025-03-27,69.461,69.841,69.252,69.777,3246,62.162777,Up,Down,0,0.0,0.25900000000000034
2025-03-27,69.778,69.843,69.459,69.518,2752,62.16221,Down,Up,0,0.0,0.04899999999999238
2025-03-27,69.52,69.727,69.468,69.567,2591,62.149178,Down,Up,0,0.0,0.09200000000001296
2025-03-27,69.575,69.757,69.488,69.659,1660,62.139458,Down,Up,0,0.0,0.13100000000000023
2025-03-27,69.658,69.839,69.601,69.79,1292,62.12408,Down,Down,1,0.1290000000000049,0.0
2025-03-27,69.81,69.821,69.66,69.661,421,62.104607,Down,Up,0,0.0,0.1389999999999958
2025-03-27,69.66,69.819,69.66,69.8,403,62.087406,Down,Down,1,0.021000000000000796,0.0
2025-03-27,69.732,69.799,69.72,69.779,126,62.08036,Down,Down,1,0.01999999999999602,0.0
2025-03-27,69.78,69.79,69.731,69.759,139,62.086296,Up,Up,1,0.03900000000000148,0.0
2025-03-28,69.761,69.868,69.697,69.798,544,62.069263,Down,Down,1,0.04099999999999682,0.0
2025-03-28,69.799,69.929,69.737,69.757,861,62.063198,Down,Up,0,0.0,0.04800000000000182
2025-03-28,69.758,69.895,69.698,69.805,710,62.059242,Down,Down,1,0.01100000000000989,0.0
2025-03-28,69.805,69.875,69.783,69.794,503,62.07005,Up,Down,0,0.0,0.10899999999999466
2025-03-28,69.795,69.795,69.606,69.685,805,62.086044,Up,Down,0,0.0,0.08100000000000307
2025-03-28,69.684,69.704,69.513,69.604,665,62.100475,Up,Up,1,0.05200000000000671,0.0
2025-03-28,69.604,69.756,69.595,69.656,630,62.118336,Up,Down,0,0.0,0.21100000000001273
2025-03-28,69.657,69.657,69.425,69.445,1058,62.133636,Up,Up,1,0.33100000000000307,0.0
2025-03-28,69.454,69.787,69.424,69.776,1703,62.159924,Up,Up,1,0.10800000000000409,0.0
2025-03-28,69.768,69.955,69.698,69.884,1432,62.193573,Up,Down,0,0.0,0.2360000000000042
2025-03-28,69.883,69.911,69.598,69.648,1286,62.263615,Up,Up,1,0.1700000000000017,0.0
2025-03-28,69.647,69.827,69.567,69.818,1231,62.350883,Up,Up,1,0.04000000000000625,0.0
2025-03-28,69.808,69.954,69.786,69.858,1749,62.473988,Up,Down,0,0.0,0.3020000000000067
2025-03-28,69.866,69.886,69.446,69.556,3633,62.564613,Up,Down,0,0.0,0.2599999999999909
2025-03-28,69.555,69.625,69.099,69.296,3886,62.575672,Up,Down,0,0.0,0.23799999999999955
2025-03-28,69.293,69.422,69.035,69.058,3161,62.57731,Up,Up,1,0.07499999999998863,0.0
2025-03-28,69.056,69.219,68.739,69.133,3417,62.603226,Up,Up,1,0.012000000000000455,0.0
2025-03-28,69.135,69.283,69.105,69.145,1919,62.64299,Up,Up,1,0.0020000000000095497,0.0
2025-03-28,69.147,69.284,69.115,69.147,1555,62.689297,Up,Down,0,0.0,0.1560000000000059
2025-03-28,69.146,69.185,68.962,68.991,692,62.738506,Up,Down,0,0.0,0.10200000000000387
2025-03-28,68.989,69.06,68.86,68.889,528,62.78815,Up,Up,1,0.4350000000000023,0.0
2025-03-30,69.368,69.549,69.264,69.324,988,62.854557,Up,Down,0,0.0,0.015999999999991132
2025-03-30,69.33,69.339,69.13,69.308,526,62.931114,Up,Down,0,0.0,0.5370000000000061
2025-03-31,69.315,69.34,68.683,68.771,1157,62.911297,Down,Up,0,0.0,0.2289999999999992
2025-03-31,68.781,69.111,68.751,69.0,1603,62.923847,Up,Down,0,0.0,0.10699999999999932
2025-03-31,68.992,68.997,68.762,68.893,1113,62.900364,Down,Down,1,0.028999999999996362,0.0
2025-03-31,68.9,68.933,68.841,68.864,599,62.856754,Down,Down,1,0.012000000000000455,0.0
2025-03-31,68.854,68.972,68.842,68.852,391,62.799877,Down,Up,0,0.0,0.23099999999999454
2025-03-31,68.844,69.092,68.842,69.083,818,62.73036,Down,Up,0,0.0,0.060000000000002274
2025-03-31,69.082,69.233,69.041,69.143,1383,62.649063,Down,Up,0,0.0,0.5310000000000059
2025-03-31,69.144,69.674,68.894,69.674,2390,62.566017,Down,Up,0,0.0,0.02199999999999136
2025-03-31,69.68,69.963,69.488,69.696,2893,62.484978,Down,Down,1,0.37999999999999545,0.0
2025-03-31,69.724,69.734,69.256,69.316,2063,62.390408,Down,Up,0,0.0,0.05700000000000216
2025-03-31,69.314,69.592,69.235,69.373,1382,62.28577,Down,Up,0,0.0,0.06799999999999784
2025-03-31,69.377,69.513,69.213,69.441,1558,62.178318,Down,Up,0,0.0,0.1839999999999975
2025-03-31,69.443,69.66,69.238,69.625,2110,62.07365,Down,Up,0,0.0,0.6110000000000042
2025-03-31,69.624,70.236,69.368,70.236,4485,61.93848,Down,Up,0,0.0,0.527000000000001
2025-03-31,70.237,70.87,70.165,70.763,4435,61.84589,Down,Up,0,0.0,0.4649999999999892
2025-03-31,70.761,71.238,70.72,71.228,2994,61.793728,Down,Up,0,0.0,0.2740000000000009
2025-03-31,71.23,71.611,71.188,71.502,2215,61.76499,Down,Down,1,0.25900000000000034,0.0
2025-03-31,71.494,71.494,71.231,71.243,2259,61.741493,Down,Up,0,0.0,0.09000000000000341
2025-03-31,71.233,71.43,71.211,71.333,1977,61.724182,Down,Down,1,0.09900000000000375,0.0
2025-03-31,71.319,71.367,71.223,71.234,778,61.704754,Down,Down,1,0.05099999999998772,0.0
2025-03-31,71.233,71.266,71.108,71.183,550,61.679405,Down,Up,0,0.0,0.03299999999998704
2025-03-31,71.162,71.216,71.102,71.216,291,61.656307,Down,Down,1,0.03299999999998704,0.0
2025-03-31,71.22,71.249,71.169,71.183,248,61.640873,Down,Up,0,0.0,0.01099999999999568
2025-04-01,71.189,71.268,71.122,71.194,557,61.647427,Up,Up,1,0.1670000000000016,0.0
2025-04-01,71.187,71.413,71.152,71.361,1352,61.41159,Down,Up,0,0.0,0.08099999999998886
2025-04-01,71.369,71.511,71.319,71.442,842,61.13441,Down,Up,0,0.0,0.020000000000010232
2025-04-01,71.451,71.5,71.378,71.462,635,60.790478,Down,Down,1,0.0030000000000001137,0.0
2025-04-01,71.46,71.467,71.402,71.459,363,60.448,Down,Down,1,0.06199999999999761,0.0
2025-04-01,71.449,71.487,71.381,71.397,659,60.148796,Down,Up,0,0.0,0.117999999999995
2025-04-01,71.397,71.529,71.355,71.515,1151,59.940727,Down,Down,1,0.5259999999999962,0.0
2025-04-01,71.507,71.507,70.981,70.989,2139,59.794327,Down,Up,0,0.0,0.08299999999999841
2025-04-01,70.991,71.13,70.913,71.072,2360,59.716602,Down,Up,0,0.0,0.4059999999999917
2025-04-01,71.074,71.507,71.038,71.478,1610,59.687435,Down,Down,1,0.02199999999999136,0.0
2025-04-01,71.47,71.771,71.372,71.456,2268,59.699207,Up,Down,0,0.0,0.29699999999999704
2025-04-01,71.454,71.454,71.121,71.159,1889,59.738007,Up,Up,1,0.12399999999999523,0.0
2025-04-01,71.169,71.343,71.087,71.283,1889,59.803432,Up,Up,1,0.16100000000000136,0.0
2025-04-01,71.285,71.859,71.243,71.444,3229,59.917942,Up,Down,0,0.0,0.10500000000000398
2025-04-01,71.446,71.587,71.195,71.339,4904,60.09598,Up,Down,0,0.0,0.2049999999999983
2025-04-01,71.351,71.495,71.104,71.134,3696,60.262657,Up,Down,0,0.0,0.09099999999999397
2025-04-01,71.124,71.24,70.973,71.043,2713,60.367107,Up,Up,1,0.006999999999990791,0.0
2025-04-01,71.035,71.151,70.979,71.05,1987,60.398975,Up,Down,0,0.0,0.11399999999999011
2025-04-01,71.052,71.076,70.834,70.936,2351,60.36433,Down,Up,0,0.0,0.06099999999999284
2025-04-01,70.934,71.055,70.926,70.997,681,60.28166,Down,Down,1,0.05700000000000216,0.0
2025-04-01,70.987,71.067,70.905,70.94,587,60.161312,Down,Up,0,0.0,0.08899999999999864
2025-04-01,70.968,71.059,70.928,71.029,314,60.013542,Down,Up,0,0.0,0.02600000000001046
2025-04-01,71.029,71.075,71.009,71.055,195,59.853367,Down,Down,1,0.08300000000001262,0.0
2025-04-02,71.057,71.073,70.922,70.972,871,59.74132,Down,Up,0,0.0,0.05900000000001171
2025-04-02,70.962,71.066,70.89,71.031,1044,59.657925,Down,Up,0,0.0,0.0899999999999892
2025-04-02,71.033,71.131,70.983,71.121,823,59.495895,Down,Down,1,0.08899999999999864,0.0
2025-04-02,71.113,71.113,70.981,71.032,470,59.358788,Down,Down,1,0.003999999999990678,0.0
2025-04-02,71.03,71.06,71.01,71.028,305,59.236782,Down,Down,1,0.11899999999999977,0.0
2025-04-02,71.04,71.067,70.901,70.909,574,59.114067,Down,Down,1,0.08200000000000784,0.0
2025-04-02,70.901,71.059,70.797,70.827,1367,58.993378,Down,Down,1,0.25900000000000034,0.0
2025-04-02,70.829,70.879,70.482,70.568,1575,58.848602,Down,Up,0,0.0,0.37300000000000466
2025-04-02,70.57,70.963,70.532,70.941,2364,58.73468,Down,Up,0,0.0,0.001999999999995339
2025-04-02,70.949,71.051,70.863,70.943,1533,58.640484,Down,Down,1,0.39699999999999136,0.0
2025-04-02,70.941,70.945,70.52,70.546,1715,58.553593,Down,Up,0,0.0,0.09299999999998931
2025-04-02,70.552,70.864,70.508,70.639,1639,58.478016,Down,Down,1,0.03999999999999204,0.0
2025-04-02,70.631,70.679,70.401,70.599,2241,58.41769,Down,Up,0,0.0,0.3429999999999893
2025-04-02,70.593,70.968,70.573,70.942,3791,58.385365,Down,Up,0,0.0,0.20100000000000762
2025-04-02,70.927,71.315,70.865,71.143,4507,58.379528,Down,Up,0,0.0,0.055999999999997385
2025-04-02,71.135,71.29,70.769,71.199,4309,58.411903,Up,Up,1,0.2909999999999968,0.0
2025-04-02,71.204,71.67,71.184,71.49,2709,58.47305,Up,Up,1,0.15000000000000568,0.0
2025-04-02,71.486,71.666,71.41,71.64,1723,58.547817,Up,Down,0,0.0,0.0969999999999942
2025-04-02,71.63,71.717,71.41,71.543,2085,58.63341,Up,Up,1,0.06699999999999307,0.0
2025-04-02,71.553,71.662,71.514,71.61,1022,58.72502,Up,Down,0,0.0,1.1350000000000051
2025-04-02,71.606,72.041,70.37,70.475,5107,58.792233,Up,Down,0,0.0,0.8589999999999947
2025-04-02,69.906,70.163,69.337,69.616,2300,58.741028,Down,Down,1,0.4509999999999934,0.0
2025-04-02,69.606,69.634,69.067,69.165,1349,58.709644,Down,Up,0,0.0,0.40099999999999625
2025-04-03,69.147,69.596,69.075,69.566,3520,58.722263,Up,Down,0,0.0,0.007999999999995566
2025-04-03,69.552,69.842,69.256,69.558,3680,58.78585,Up,Up,1,0.1909999999999883,0.0
2025-04-03,69.556,69.811,69.463,69.749,1880,58.89086,Up,Up,1,0.09799999999999898,0.0
2025-04-03,69.752,69.915,69.676,69.847,1808,59.03526,Up,Down,0,0.0,0.04399999999999693
2025-04-03,69.839,69.839,69.711,69.803,1102,59.205288,Up,Down,0,0.0,0.269999999999996
2025-04-03,69.811,69.811,69.533,69.533,1616,59.386356,Up,Down,0,0.0,0.25199999999999534
2025-04-03,69.543,69.637,69.281,69.281,2655,59.569996,Up,Down,0,0.0,0.03300000000000125
2025-04-03,69.283,69.326,68.789,69.248,4057,59.74604,Up,Down,0,0.0,0.42200000000001125
2025-04-03,69.234,69.37,68.814,68.826,3503,59.91669,Up,Down,0,0.0,0.4709999999999894
2025-04-03,68.834,68.944,68.34,68.355,3087,60.06025,Up,Down,0,0.0,0.24399999999999977
2025-04-03,68.358,68.451,68.007,68.111,3494,60.18234,Up,Down,0,0.0,0.820999999999998
2025-04-03,68.126,68.159,66.99,67.29,4593,60.273094,Up,Down,0,0.0,0.5290000000000106
2025-04-03,67.292,67.32,66.301,66.761,5594,60.324604,Up,Down,0,0.0,0.3960000000000008
2025-04-03,66.755,66.964,66.198,66.365,7090,60.352222,Up,Down,0,0.0,0.4679999999999893
2025-04-03,66.331,66.703,65.897,65.897,5447,60.35524,Up,Up,1,0.4819999999999993,0.0
2025-04-03,65.903,66.494,65.806,66.379,5209,60.342915,Down,Up,0,0.0,0.18499999999998806
2025-04-03,66.376,66.627,66.307,66.564,3950,60.325596,Down,Up,0,0.0,0.2190000000000083
2025-04-03,66.564,66.931,66.267,66.783,2860,60.307495,Down,Down,1,0.12300000000000466,0.0
2025-04-03,66.785,66.814,66.487,66.66,2487,60.274395,Down,Down,1,0.14999999999999147,0.0
2025-04-03,66.655,66.655,66.464,66.51,1121,60.229908,Down,Down,1,0.11899999999999977,0.0
2025-04-03,66.502,66.522,66.318,66.391,874,60.176094,Down,Down,1,0.043000000000006366,0.0
2025-04-03,66.273,66.528,66.262,66.348,419,60.202854,Up,Up,1,0.15900000000000603,0.0
2025-04-03,66.36,66.549,66.338,66.507,349,60.250748,Up,Down,0,0.0,0.08599999999999852
2025-04-04,66.509,66.659,66.396,66.421,1096,60.251564,Up,Down,0,0.0,0.05700000000000216
2025-04-04,66.423,66.476,66.244,66.364,1052,60.208046,Down,Down,1,0.08899999999999864,0.0
2025-04-04,66.366,66.446,66.225,66.275,833,60.12872,Down,Down,1,0.13300000000000978,0.0
2025-04-04,66.277,66.297,66.039,66.142,1059,60.013947,Down,Down,1,0.2669999999999959,0.0
2025-04-04,66.145,66.177,65.838,65.875,1048,59.867237,Down,Up,0,0.0,0.2219999999999942
2025-04-04,65.878,66.177,65.858,66.097,1279,59.706074,Down,Down,1,0.44599999999999795,0.0
2025-04-04,66.093,66.205,65.639,65.651,1527,59.5442,Down,Down,1,0.5459999999999923,0.0
2025-04-04,65.649,65.679,65.087,65.105,3067,59.358788,Down,Down,1,0.9489999999999981,0.0
2025-04-04,65.098,65.185,64.136,64.156,4647,59.122562,Down,Up,0,0.0,0.1799999999999926
2025-04-04,64.146,64.582,64.033,64.336,4636,58.89537,Down,Down,1,1.9369999999999976,0.0
2025-04-04,64.354,64.698,61.91,62.399,11196,58.645393,Down,Down,1,0.8580000000000041,0.0
2025-04-04,62.395,62.494,60.647,61.541,12081,58.327316,Down,Up,0,0.0,0.11700000000000443
2025-04-04,61.538,62.403,61.118,61.658,8993,58.03723,Down,Down,1,0.2779999999999987,0.0
2025-04-04,61.657,62.196,61.032,61.38,7759,57.743443,Down,Down,1,0.2910000000000039,0.0
2025-04-04,61.369,61.474,60.281,61.089,7193,57.413033,Down,Up,0,0.0,0.44200000000000017
2025-04-04,61.084,62.992,61.067,61.531,11887,57.112938,Down,Up,0,0.0,0.2150000000000034
2025-04-04,61.541,61.996,61.341,61.746,7219,56.80637,Down,Up,0,0.0,0.19899999999999807
2025-04-04,61.736,61.982,61.407,61.945,5655,56.5136,Down,Up,0,0.0,0.2119999999999962
2025-04-04,61.945,62.24,61.75,62.157,4749,56.24699,Down,Up,0,0.0,0.3620000000000019
2025-04-04,62.164,62.732,62.079,62.519,3371,56.020298,Down,Down,1,0.367999999999995,0.0
2025-04-04,62.534,62.557,62.056,62.151,1445,55.814884,Down,Down,1,2.4820000000000064,0.0
2025-04-06,60.374,60.477,59.38,59.669,3409,55.621212,Down,Down,1,0.01999999999999602,0.0
2025-04-06,59.665,59.822,59.47,59.649,1397,55.442635,Down,Up,0,0.0,0.26500000000000057
2025-04-07,59.642,59.984,59.279,59.914,3377,55.03942,Down,Up,0,0.0,0.49499999999999744
2025-04-07,59.911,60.554,59.814,60.409,5090,54.74205,Down,Down,1,0.1769999999999996,0.0
2025-04-07,60.409,60.545,59.947,60.232,3895,54.451977,Down,Down,1,0.08699999999999619,0.0
2025-04-07,60.254,60.445,59.962,60.145,2871,54.184376,Down,Up,0,0.0,0.03999999999999915
2025-04-07,60.142,60.834,60.035,60.185,2810,53.954994,Down,Down,1,0.16799999999999926,0.0
2025-04-07,60.19,60.749,60.017,60.017,3289,53.748398,Down,Down,1,0.37300000000000466,0.0
2025-04-07,60.024,60.3,59.322,59.644,5013,53.550613,Down,Down,1,0.269999999999996,0.0
2025-04-07,59.64,59.799,58.799,59.374,7844,53.36297,Down,Down,1,0.06700000000000017,0.0
2025-04-07,59.374,59.931,59.255,59.307,7230,53.194405,Down,Up,0,0.0,0.08599999999999852
2025-04-07,59.31,59.756,59.012,59.393,6754,53.04233,Down,Up,0,0.0,0.769999999999996
2025-04-07,59.39,60.24,59.346,60.163,7129,52.889313,Down,Down,1,0.012999999999998124,0.0
2025-04-07,60.157,60.585,60.043,60.15,7476,52.7834,Down,Up,0,0.0,0.6120000000000019
2025-04-07,60.147,61.057,59.972,60.762,9633,52.657833,Down,Up,0,0.0,0.39699999999999847
2025-04-07,60.763,61.212,59.888,61.159,11585,52.51145,Down,Down,1,0.232999999999997,0.0
2025-04-07,61.152,63.653,60.698,60.926,16148,52.395737,Down,Down,1,0.28000000000000114,0.0
2025-04-07,60.933,61.293,59.767,60.646,13582,52.23008,Down,Down,1,0.0519999999999996,0.0
2025-04-07,60.643,61.09,60.364,60.594,9275,52.054237,Down,Up,0,0.0,0.4549999999999983
2025-04-07,60.611,61.492,60.608,61.049,9847,51.88173,Down,Down,1,0.4299999999999997,0.0
2025-04-07,61.056,61.246,60.411,60.619,8235,51.70602,Down,Up,0,0.0,0.10999999999999943
2025-04-07,60.616,61.083,60.465,60.729,5585,51.534306,Down,Up,0,0.0,0.05100000000000193
2025-04-07,60.726,60.933,60.7,60.78,1782,51.368916,Down,Up,0,0.0,0.375
2025-04-07,60.756,61.167,60.756,61.155,609,51.2245,Down,Down,1,0.08800000000000097,0.0
2025-04-07,61.165,61.225,61.012,61.067,651,51.100655,Down,Down,1,0.00999999999999801,0.0
2025-04-08,61.07,61.467,60.847,61.057,2596,50.978497,Down,Up,0,0.0,0.2010000000000005
2025-04-08,61.06,61.258,60.868,61.258,4490,50.875286,Down,Up,0,0.0,0.17899999999999494
2025-04-08,61.255,61.544,61.205,61.437,2251,50.860058,Down,Down,1,0.07900000000000063,0.0
2025-04-08,61.434,61.463,61.16,61.358,2187,50.85136,Down,Up,0,0.0,0.14400000000000546
2025-04-08,61.351,61.509,61.321,61.502,1058,50.84585,Down,Down,1,0.3240000000000052,0.0
2025-04-08,61.499,61.519,61.132,61.178,2510,50.84059,Down,Up,0,0.0,0.05600000000000449
2025-04-08,61.188,61.304,60.965,61.234,3394,50.830776,Down,Down,1,1.0309999999999988,0.0
2025-04-08,61.237,61.331,59.993,60.203,5993,50.811104,Down,Up,0,0.0,0.5339999999999989
2025-04-08,60.193,60.834,60.06,60.737,6122,50.78461,Down,Down,1,0.14300000000000068,0.0
2025-04-08,60.733,60.817,60.413,60.594,4779,50.767517,Down,Down,1,0.06300000000000239,0.0
2025-04-08,60.592,60.955,60.511,60.531,3634,50.765137,Down,Up,0,0.0,0.49500000000000455
2025-04-08,60.54,61.039,60.438,61.026,3947,50.797573,Up,Down,0,0.0,0.10500000000000398
2025-04-08,61.029,61.103,60.738,60.921,4254,50.823837,Up,Up,1,0.09499999999999886,0.0
2025-04-08,60.914,61.462,60.517,61.016,8654,50.8665,Up,Down,0,0.0,0.4200000000000017
2025-04-08,61.019,61.447,60.596,60.596,8959,50.90056,Up,Up,1,0.5650000000000048,0.0
2025-04-08,60.599,61.274,60.21,61.161,8793,50.9258,Up,Down,0,0.0,1.5679999999999978
2025-04-08,61.171,61.171,59.433,59.593,10155,50.911934,Down,Up,0,0.0,0.127999999999993
2025-04-08,59.6,60.04,59.087,59.721,10746,50.887924,Down,Down,1,0.9279999999999973,0.0
2025-04-08,59.714,59.778,58.626,58.793,8021,50.826645,Down,Down,1,0.5219999999999985,0.0
2025-04-08,58.79,58.85,57.696,58.271,6812,50.74253,Down,Down,1,0.3430000000000035,0.0
2025-04-08,58.273,58.401,57.801,57.928,2056,50.665787,Down,Down,1,0.27599999999999625,0.0
2025-04-08,58.02,58.122,57.388,57.652,1239,50.603897,Down,Down,1,0.32800000000000296,0.0
2025-04-08,57.655,57.668,56.967,57.324,1458,50.56097,Down,Down,1,0.7609999999999957,0.0
2025-04-09,57.328,57.81,56.468,56.563,3548,50.556995,Down,Up,0,0.0,0.6239999999999952
2025-04-09,56.546,57.197,56.49,57.187,5535,50.614574,Up,Up,1,0.15700000000000358,0.0
2025-04-09,57.197,57.495,57.17,57.344,3765,50.71729,Up,Down,0,0.0,0.5470000000000041
2025-04-09,57.337,57.504,56.774,56.797,2822,50.844982,Up,Down,0,0.0,0.04999999999999716
2025-04-09,56.804,56.9,56.601,56.747,2679,50.980507,Up,Up,1,0.49799999999999756,0.0
2025-04-09,56.75,57.287,56.492,57.245,3749,51.135536,Up,Up,1,0.5310000000000059,0.0
2025-04-09,57.254,57.84,57.225,57.776,4670,51.330547,Up,Down,0,0.0,0.14100000000000534
2025-04-09,57.719,57.935,57.324,57.635,7056,51.522526,Up,Down,0,0.0,0.23899999999999721
2025-04-09,57.669,57.828,56.903,57.396,6111,51.704407,Up,Down,0,0.0,0.6829999999999998
2025-04-09,57.406,57.721,56.713,56.713,5243,51.86432,Up,Up,1,0.26500000000000057,0.0
2025-04-09,56.716,57.172,56.258,56.978,5564,51.992897,Up,Down,0,0.0,1.8670000000000044
2025-04-09,56.968,56.985,54.83,55.111,12093,52.06919,Up,Up,1,0.7320000000000064,0.0
2025-04-09,55.101,56.118,55.088,55.843,8010,52.123367,Up,Up,1,1.2289999999999992,0.0
2025-04-09,55.83,57.699,55.805,57.072,12795,52.208576,Up,Down,0,0.0,1.2510000000000048
2025-04-09,57.074,57.318,55.778,55.821,10591,52.27565,Up,Up,1,1.054000000000002,0.0
2025-04-09,55.813,57.219,55.788,56.875,8978,52.33932,Up,Up,1,0.0870000000000033,0.0
2025-04-09,56.885,57.255,56.698,56.962,6062,52.405895,Up,Up,1,4.370999999999995,0.0
2025-04-09,56.958,61.906,56.177,61.333,14796,52.555893,Up,Down,0,0.0,0.14699999999999847
2025-04-09,61.326,62.563,61.059,61.186,10338,52.747524,Up,Up,1,0.8969999999999985,0.0
2025-04-09,61.179,62.437,61.179,62.083,5103,52.921818,Up,Up,1,0.2600000000000051,0.0
2025-04-09,62.112,62.499,61.952,62.343,2464,53.1003,Up,Up,1,0.3689999999999998,0.0
2025-04-09,62.301,62.913,62.301,62.712,1050,53.28679,Up,Down,0,0.0,0.15500000000000114
2025-04-09,62.715,62.799,62.501,62.557,616,53.473965,Up,Down,0,0.0,0.6570000000000036
2025-04-10,62.547,62.685,61.793,61.9,2544,53.654694,Up,Down,0,0.0,0.3470000000000013
2025-04-10,61.91,61.99,61.203,61.553,5224,53.822033,Up,Down,0,0.0,0.15199999999999392
2025-04-10,61.559,61.788,61.338,61.401,2769,53.97902,Up,Down,0,0.0,0.12700000000000244
2025-04-10,61.408,61.488,61.1,61.274,2027,54.117847,Up,Up,1,0.07600000000000051,0.0
2025-04-10,61.274,61.36,61.094,61.35,1170,54.24004,Up,Up,1,0.1280000000000001,0.0
2025-04-10,61.347,61.523,61.13,61.478,2151,54.35302,Up,Up,1,0.22399999999999665,0.0
2025-04-10,61.47,61.826,61.47,61.702,3906,54.46235,Up,Down,0,0.0,1.338000000000001
2025-04-10,61.709,61.879,60.268,60.364,6561,54.54086,Up,Down,0,0.0,0.4269999999999996
2025-04-10,60.367,60.614,59.882,59.937,6217,54.58249,Up,Up,1,0.4860000000000042,0.0
2025-04-10,59.94,60.51,59.767,60.423,4762,54.611546,Up,Down,0,0.0,0.014000000000002899
2025-04-10,60.42,60.656,60.242,60.409,3998,54.637985,Up,Down,0,0.0,0.21399999999999864
2025-04-10,60.392,60.622,59.941,60.195,3957,54.654285,Up,Down,0,0.0,0.3340000000000032
2025-04-10,60.191,60.471,59.711,59.861,5454,54.65797,Up,Down,0,0.0,0.9949999999999974
2025-04-10,59.861,60.121,58.845,58.866,9671,54.650463,Down,Down,1,0.030999999999998806,0.0
2025-04-10,58.863,59.559,58.449,58.835,10596,54.627712,Down,Up,0,0.0,0.42600000000000193
2025-04-10,58.838,60.08,58.828,59.261,8392,54.615856,Down,Down,1,0.021000000000000796,0.0
2025-04-10,59.251,59.39,58.67,59.24,9131,54.624767,Up,Up,1,0.527000000000001,0.0
2025-04-10,59.234,59.89,58.913,59.767,8336,54.647892,Up,Up,1,0.27899999999999636,0.0
2025-04-10,59.763,60.153,59.43,60.046,7420,54.8083,Up,Up,1,0.01899999999999835,0.0
2025-04-10,60.053,60.192,59.705,60.065,5407,54.944527,Up,Down,0,0.0,0.14399999999999835
2025-04-10,60.065,60.099,59.748,59.921,1257,55.05082,Up,Down,0,0.0,0.16400000000000148
2025-04-10,59.892,59.947,59.737,59.757,585,55.112793,Up,Down,0,0.0,0.2740000000000009
2025-04-10,59.757,59.757,59.471,59.483,853,55.13445,Up,Up,1,0.0030000000000001137,0.0
2025-04-11,59.49,59.719,59.309,59.486,3118,55.141228,Up,Down,0,0.0,0.10799999999999699
2025-04-11,59.476,59.656,59.256,59.378,3840,55.141636,Up,Down,0,0.0,0.02300000000000324
2025-04-11,59.375,59.418,59.122,59.355,2620,55.118694,Down,Up,0,0.0,0.09900000000000375
2025-04-11,59.365,59.638,59.345,59.454,2230,55.07653,Down,Up,0,0.0,0.11299999999999955
2025-04-11,59.451,59.617,59.374,59.567,1256,55.012787,Down,Up,0,0.0,0.7090000000000032
2025-04-11,59.57,60.296,59.51,60.276,2790,54.947514,Down,Up,0,0.0,0.2959999999999994
2025-04-11,60.283,60.762,60.199,60.572,3606,54.885376,Down,Down,1,0.044000000000004036,0.0
2025-04-11,60.562,60.638,60.069,60.528,5475,54.812965,Down,Down,1,0.7040000000000006,0.0
2025-04-11,60.531,60.555,59.511,59.824,7517,54.774364,Down,Up,0,0.0,0.3060000000000045
2025-04-11,59.814,60.136,59.242,60.13,5548,54.70662,Down,Down,1,0.33100000000000307,0.0
2025-04-11,60.14,60.376,59.706,59.799,4678,54.62579,Down,Down,1,0.14399999999999835,0.0
2025-04-11,59.803,59.906,59.499,59.655,3812,54.517097,Down,Up,0,0.0,0.012999999999998124
2025-04-11,59.659,60.038,59.638,59.668,4385,54.400192,Down,Up,0,0.0,0.0589999999999975
2025-04-11,59.678,60.027,59.192,59.727,8695,54.27352,Down,Down,1,0.0519999999999996,0.0
2025-04-11,59.724,59.914,59.433,59.675,10351,54.144135,Down,Up,0,0.0,0.5560000000000045
2025-04-11,59.665,60.251,59.585,60.231,8117,54.027885,Down,Up,0,0.0,0.3889999999999958
2025-04-11,60.234,60.626,60.118,60.62,5246,53.947906,Down,Up,0,0.0,0.595000000000006
2025-04-11,60.616,61.388,60.583,61.215,6071,53.868847,Down,Down,1,0.11900000000000688,0.0
2025-04-11,61.212,61.275,60.922,61.096,5168,53.821224,Down,Down,1,0.01199999999999335,0.0
2025-04-11,61.092,61.315,61.035,61.084,2112,53.79012,Down,Down,1,0.010000000000005116,0.0
2025-04-11,61.077,61.147,61.011,61.074,793,53.779144,Down,Down,1,0.27899999999999636,0.0
2025-04-13,61.212,61.69,60.791,60.795,1745,53.8345,Up,Up,1,0.06799999999999784,0.0
2025-04-13,60.797,61.069,60.667,60.863,1049,53.94104,Up,Up,1,0.16499999999999915,0.0
2025-04-14,60.867,61.227,60.86,61.028,1299,53.855556,Down,Down,1,0.06799999999999784,0.0
2025-04-14,61.005,61.043,60.767,60.96,2723,53.784203,Down,Down,1,0.13300000000000267,0.0
2025-04-14,60.946,60.99,60.715,60.827,1326,53.666912,Down,Up,0,0.0,0.005000000000002558
2025-04-14,60.823,60.903,60.707,60.832,861,53.519123,Down,Up,0,0.0,0.045999999999999375
2025-04-14,60.832,60.896,60.778,60.878,476,53.369545,Down,Up,0,0.0,0.2220000000000013
2025-04-14,60.884,61.203,60.85,61.1,1212,53.21928,Down,Down,1,0.09700000000000131,0.0
2025-04-14,61.096,61.288,60.955,61.003,1731,53.072147,Down,Up,0,0.0,0.20900000000000318
2025-04-14,60.989,61.428,60.814,61.212,2778,52.9192,Down,Up,0,0.0,0.29399999999999693
2025-04-14,61.218,61.526,61.002,61.506,2922,52.757195,Down,Up,0,0.0,0.0870000000000033
2025-04-14,61.496,61.683,61.343,61.593,2065,52.623074,Down,Up,0,0.0,0.2989999999999995
2025-04-14,61.595,61.9,61.536,61.892,1691,52.51509,Down,Down,1,0.04100000000000392,0.0
2025-04-14,61.882,62.194,61.807,61.851,2275,52.446697,Down,Up,0,0.0,0.03900000000000148
2025-04-14,61.851,61.985,61.741,61.89,2546,52.403675,Down,Down,1,0.6550000000000011,0.0
2025-04-14,61.886,61.886,61.113,61.235,5853,52.379917,Down,Up,0,0.0,0.01899999999999835
2025-04-14,61.245,61.509,61.097,61.254,5654,52.37347,Down,Down,1,0.617999999999995,0.0
2025-04-14,61.268,61.286,60.562,60.636,5450,52.378334,Up,Down,0,0.0,0.14000000000000057
2025-04-14,60.646,60.772,60.212,60.496,5129,52.481857,Up,Up,1,0.22299999999999898,0.0
2025-04-14,60.502,60.869,60.369,60.719,4759,52.630978,Up,Up,1,0.4350000000000023,0.0
2025-04-14,60.723,61.235,60.705,61.154,2451,52.758022,Up,Up,1,0.041999999999994486,0.0
2025-04-14,61.157,61.3,61.157,61.196,1238,52.845867,Up,Down,0,0.0,0.027999999999998693
2025-04-14,61.2,61.286,61.163,61.168,636,52.8984,Up,Up,1,0.0020000000000024443,0.0
2025-04-14,61.166,61.211,61.113,61.17,210,52.911293,Up,Up,1,0.03399999999999892,0.0
2025-04-14,61.166,61.208,61.124,61.204,162,52.889217,Down,Up,0,0.0,0.14099999999999824
2025-04-15,61.211,61.469,61.191,61.345,842,52.845894,Down,Down,1,0.13100000000000023,0.0
2025-04-15,61.333,61.379,61.185,61.214,1520,52.820503,Down,Up,0,0.0,0.015999999999998238
2025-04-15,61.22,61.314,61.154,61.23,992,52.870846,Up,Up,1,0.059000000000004604,0.0
2025-04-15,61.228,61.307,61.134,61.289,641,52.916668,Up,Up,1,0.06899999999999551,0.0
2025-04-15,61.285,61.383,61.249,61.358,453,52.949093,Up,Down,0,0.0,0.015999999999998238
2025-04-15,61.362,61.462,61.186,61.342,1295,52.96695,Up,Up,1,0.13100000000000023,0.0
2025-04-15,61.346,61.521,61.232,61.473,1438,52.978146,Up,Down,0,0.0,0.03399999999999892
2025-04-15,61.467,61.653,61.383,61.439,1923,52.982773,Up,Down,0,0.0,0.35300000000000153
2025-04-15,61.435,61.469,60.886,61.086,3340,52.979877,Down,Down,1,0.41899999999999693,0.0
2025-04-15,61.08,61.212,60.655,60.667,2315,52.9667,Down,Up,0,0.0,0.08800000000000097
2025-04-15,60.661,61.071,60.593,60.755,2515,52.94769,Down,Down,1,0.11500000000000199,0.0
2025-04-15,60.751,60.969,60.608,60.64,2500,52.9303,Down,Down,1,0.0020000000000024443,0.0
2025-04-15,60.634,60.74,60.512,60.638,2648,52.908028,Down,Up,0,0.0,0.6030000000000015
2025-04-15,60.636,61.301,60.633,61.241,4865,52.899525,Down,Down,1,0.277000000000001,0.0
2025-04-15,61.245,61.407,60.707,60.964,7214,52.930115,Up,Down,0,0.0,0.375
2025-04-15,60.954,61.0,60.469,60.589,4886,52.94187,Up,Up,1,0.15899999999999892,0.0
2025-04-15,60.583,60.923,60.583,60.748,2708,52.94509,Up,Up,1,0.07400000000000517,0.0
2025-04-15,60.762,60.954,60.696,60.822,2413,52.94776,Up,Up,1,0.12699999999999534,0.0
2025-04-15,60.818,60.987,60.738,60.949,1751,52.985363,Up,Up,1,0.07900000000000063,0.0
2025-04-15,60.939,61.108,60.922,61.028,802,53.032623,Up,Up,1,0.035000000000003695,0.0
2025-04-15,61.032,61.095,60.962,61.063,636,53.077953,Up,Down,0,0.0,0.10900000000000176
2025-04-15,61.035,61.065,60.926,60.954,418,53.11991,Up,Up,1,0.012999999999998124,0.0
2025-04-15,60.96,60.985,60.819,60.967,396,53.150124,Up,Down,0,0.0,0.08299999999999841
2025-04-16,60.966,60.993,60.829,60.884,779,53.20114,Up,Down,0,0.0,0.06099999999999994
2025-04-16,60.882,61.046,60.748,60.823,1521,53.28205,Up,Down,0,0.0,0.1559999999999988
2025-04-16,60.828,60.843,60.653,60.667,1078,53.352943,Up,Down,0,0.0,0.05100000000000193
2025-04-16,60.663,60.702,60.602,60.616,881,53.41495,Up,Up,1,0.11500000000000199,0.0
2025-04-16,60.612,60.801,60.612,60.731,430,53.46588,Up,Down,0,0.0,0.7199999999999989
2025-04-16,60.735,60.735,59.952,60.011,2888,53.444965,Down,Up,0,0.0,0.12699999999999534
2025-04-16,59.996,60.264,59.976,60.138,1929,53.431046,Down,Up,0,0.0,0.26300000000000523
2025-04-16,60.154,60.571,60.114,60.401,2435,53.443935,Up,Up,1,0.9189999999999969,0.0
2025-04-16,60.416,61.673,60.317,61.32,5971,53.511578,Up,Down,0,0.0,0.0020000000000024443
2025-04-16,61.34,61.56,61.252,61.318,3059,53.64416,Up,Up,1,0.045999999999999375,0.0
2025-04-16,61.308,61.489,61.22,61.364,2133,53.770145,Up,Up,1,0.035000000000003695,0.0
2025-04-16,61.36,61.442,61.258,61.399,1745,53.889935,Up,Up,1,0.2909999999999968,0.0
2025-04-16,61.398,61.782,61.263,61.69,2296,53.959072,Up,Up,1,0.0040000000000048885,0.0
2025-04-16,61.689,61.896,61.396,61.694,4762,54.04346,Up,Up,1,0.2219999999999942,0.0
2025-04-16,61.693,62.242,61.64,61.916,5732,54.128925,Up,Up,1,0.05700000000000216,0.0
2025-04-16,61.914,62.123,61.646,61.973,4981,54.22297,Up,Up,1,0.027000000000001023,0.0
2025-04-16,61.978,62.038,61.694,62.0,3071,54.3347,Up,Down,0,0.0,0.2839999999999989
2025-04-16,62.012,62.194,61.671,61.716,3370,54.45545,Up,Up,1,0.37299999999999756,0.0
2025-04-16,61.711,62.362,61.615,62.089,3647,54.580452,Up,Up,1,0.07099999999999795,0.0
2025-04-16,62.104,62.371,62.003,62.16,2043,54.709957,Up,Down,0,0.0,0.11999999999999744
2025-04-16,62.158,62.166,62.007,62.04,856,54.84072,Up,Up,1,0.2710000000000008,0.0
2025-04-16,62.048,62.474,62.045,62.311,476,54.972862,Up,Up,1,0.05299999999999727,0.0
2025-04-16,62.315,62.375,62.244,62.364,347,55.10498,Up,Down,0,0.0,0.117999999999995
2025-04-17,62.368,62.414,62.069,62.246,1188,55.239277,Up,Up,1,0.11199999999999477,0.0
2025-04-17,62.25,62.392,62.13,62.358,1422,55.38736,Up,Up,1,0.16900000000000404,0.0
2025-04-17,62.358,62.561,62.298,62.527,885,55.533733,Up,Up,1,0.08299999999999841,0.0
2025-04-17,62.526,62.62,62.466,62.61,721,55.679287,Up,Up,1,0.12100000000000222,0.0
2025-04-17,62.606,62.771,62.496,62.731,1020,55.81936,Up,Down,0,0.0,0.060000000000002274
2025-04-17,62.735,62.909,62.653,62.671,955,55.95302,Up,Down,0,0.0,0.3130000000000024
2025-04-17,62.681,62.707,62.328,62.358,1606,56.06348,Up,Up,1,0.03900000000000148,0.0
2025-04-17,62.368,62.537,62.26,62.397,1928,56.15688,Up,Up,1,0.14800000000000324,0.0
2025-04-17,62.403,62.573,62.303,62.545,1786,56.26241,Up,Down,0,0.0,0.017000000000003013
2025-04-17,62.543,62.563,62.263,62.528,1887,56.542736,Up,Up,1,0.07600000000000051,0.0
2025-04-17,62.527,62.674,62.422,62.604,1794,56.781727,Up,Up,1,0.07200000000000273,0.0
2025-04-17,62.609,62.82,62.544,62.676,1917,56.99073,Up,Up,1,0.18499999999999517,0.0
2025-04-17,62.676,63.112,62.609,62.861,2702,57.149128,Up,Down,0,0.0,0.14299999999999358
2025-04-17,62.86,62.962,62.508,62.718,4855,57.324394,Up,Up,1,0.2219999999999942,0.0
2025-04-17,62.722,62.987,62.648,62.94,4844,57.426918,Up,Up,1,0.8120000000000047,0.0
2025-04-17,62.931,63.827,62.927,63.752,5245,57.49005,Up,Up,1,0.4259999999999948,0.0
2025-04-17,63.757,64.217,63.722,64.178,5254,57.522346,Up,Down,0,0.0,0.15099999999999625
2025-04-17,64.173,64.218,63.767,64.027,3293,57.52013,Down,Down,1,0.09799999999999898,0.0
2025-04-17,64.026,64.247,63.845,63.929,3166,57.490143,Down,Down,1,0.22400000000000375,0.0
2025-04-17,63.925,63.939,63.63,63.705,1431,57.47124,Down,Up,0,0.0,0.09600000000000364
2025-04-17,63.701,63.835,63.68,63.801,729,57.416904,Down,Down,1,0.6410000000000053,0.0
2025-04-20,63.331,63.386,63.05,63.16,584,57.317993,Down,Down,1,0.02099999999999369,0.0
2025-04-20,63.16,63.22,62.99,63.139,305,57.292076,Down,Down,1,0.03100000000000591,0.0
2025-04-21,63.14,63.419,63.079,63.108,751,57.22448,Down,Down,1,0.18999999999999773,0.0
2025-04-21,63.119,63.139,62.698,62.918,2240,57.118813,Down,Down,1,0.011000000000002785,0.0
2025-04-21,62.908,62.968,62.797,62.907,814,56.931576,Down,Up,0,0.0,0.1290000000000049
2025-04-21,62.917,63.056,62.807,63.036,693,56.682213,Down,Down,1,0.1700000000000017,0.0
2025-04-21,63.026,63.056,62.796,62.866,299,56.388767,Down,Up,0,0.0,0.26899999999999835
2025-04-21,62.875,63.135,62.865,63.135,714,56.072285,Down,Down,1,0.10099999999999909,0.0
2025-04-21,63.115,63.184,62.963,63.034,971,55.75206,Down,Down,1,0.16100000000000136,0.0
2025-04-21,63.043,63.063,62.863,62.873,681,55.441902,Down,Down,1,0.31099999999999994,0.0
2025-04-21,62.892,63.023,62.482,62.562,1451,55.15088,Down,Down,1,0.48099999999999454,0.0
2025-04-21,62.572,62.592,62.071,62.081,1064,54.85533,Down,Up,0,0.0,0.2889999999999944
2025-04-21,62.081,62.461,62.071,62.37,939,54.607235,Down,Up,0,0.0,0.10900000000000176
2025-04-21,62.38,62.549,62.299,62.479,957,54.41054,Down,Down,1,0.05100000000000193,0.0
2025-04-21,62.469,62.559,62.318,62.428,970,54.239124,Down,Down,1,0.5399999999999991,0.0
2025-04-21,62.418,62.518,61.758,61.888,3382,54.05364,Down,Up,0,0.0,0.41900000000000404
2025-04-21,61.893,62.548,61.848,62.307,3264,53.89428,Down,Down,1,0.2610000000000028,0.0
2025-04-21,62.317,62.467,62.026,62.046,2575,53.766674,Down,Up,0,0.0,0.13000000000000256
2025-04-21,62.046,62.316,61.956,62.176,1626,53.65815,Down,Up,0,0.0,0.2890000000000015
2025-04-21,62.166,62.485,62.115,62.465,1438,53.570496,Down,Up,0,0.0,0.1979999999999933
2025-04-21,62.455,62.713,62.214,62.663,1419,53.5078,Down,Up,0,0.0,0.1700000000000017
2025-04-21,62.673,62.863,62.643,62.833,694,53.46003,Down,Down,1,0.16100000000000136,0.0
2025-04-21,62.823,62.823,62.642,62.672,328,53.42478,Down,Up,0,0.0,0.1180000000000021
2025-04-21,62.781,62.821,62.75,62.79,129,53.406902,Down,Up,0,0.0,0.18900000000000006
2025-04-21,62.79,62.979,62.76,62.979,336,53.458332,Up,Up,1,0.009000000000000341,0.0
2025-04-22,62.969,63.129,62.888,62.988,689,53.4979,Up,Up,1,0.009000000000000341,0.0
2025-04-22,62.978,63.228,62.948,62.997,1355,53.5864,Up,Down,0,0.0,0.15100000000000335
2025-04-22,62.997,63.047,62.786,62.846,903,53.764996,Up,Down,0,0.0,0.07099999999999795
2025-04-22,62.846,62.876,62.725,62.775,633,53.944805,Up,Up,1,0.04899999999999949,0.0
2025-04-22,62.775,62.844,62.774,62.824,170,54.12153,Up,Down,0,0.0,0.06199999999999761
2025-04-22,62.814,62.943,62.743,62.762,557,54.290295,Up,Up,1,0.34899999999999665,0.0
2025-04-22,62.762,63.142,62.732,63.111,1242,54.45375,Up,Up,1,0.20900000000000318,0.0
2025-04-22,63.121,63.35,63.021,63.32,1363,54.575882,Up,Down,0,0.0,0.07099999999999795
2025-04-22,63.33,63.53,63.06,63.249,1913,54.695435,Up,Up,1,0.2289999999999992,0.0
2025-04-22,63.259,63.508,63.249,63.478,1071,54.78467,Up,Down,0,0.0,0.21099999999999852
2025-04-22,63.468,63.528,63.227,63.267,1134,54.876595,Up,Down,0,0.0,0.011000000000002785
2025-04-22,63.257,63.476,63.147,63.256,1042,54.960808,Up,Up,1,0.028999999999996362,0.0
2025-04-22,63.246,63.34,63.115,63.285,1453,55.047882,Up,Down,0,0.0,0.23199999999999932
2025-04-22,63.305,63.345,62.894,63.053,2930,55.13466,Up,Up,1,0.19000000000000483,0.0
2025-04-22,63.054,63.423,63.023,63.243,2254,55.225353,Up,Up,1,0.9070000000000036,0.0
2025-04-22,63.253,64.17,63.183,64.15,2736,55.295017,Up,Up,1,0.07899999999999352,0.0
2025-04-22,64.15,64.32,64.1,64.229,2641,55.386135,Up,Down,0,0.0,0.634999999999998
2025-04-22,64.219,64.239,63.48,63.594,3761,55.49125,Up,Down,0,0.0,0.1460000000000008
2025-04-22,63.609,63.748,63.389,63.448,1626,55.64724,Up,Up,1,0.028999999999996362,0.0
2025-04-22,63.438,63.487,63.378,63.477,595,55.84658,Up,Up,1,0.009000000000000341,0.0
2025-04-22,63.467,63.537,63.397,63.486,499,56.021755,Up,Up,1,0.8669999999999973,0.0
2025-04-22,63.805,64.435,63.714,64.353,1151,56.185574,Up,Down,0,0.0,0.15500000000000114
2025-04-22,64.354,64.383,64.183,64.198,425,56.347805,Up,Up,1,0.0940000000000083,0.0
2025-04-23,64.203,64.341,63.982,64.292,969,56.483738,Up,Down,0,0.0,0.28300000000000125
2025-04-23,64.292,64.292,63.97,64.009,1594,56.6251,Up,Down,0,0.0,0.012000000000000455
2025-04-23,64.019,64.118,63.959,63.997,580,56.74078,Up,Up,1,0.1599999999999966,0.0
2025-04-23,63.988,64.187,63.877,64.157,440,56.843384,Up,Up,1,0.03900000000000148,0.0
2025-04-23,64.147,64.207,64.116,64.196,292,56.932034,Up,Up,1,0.117999999999995,0.0
2025-04-23,64.195,64.344,64.175,64.314,629,57.00961,Up,Up,1,0.33900000000001285,0.0
2025-04-23,64.315,64.784,64.284,64.653,1220,57.075096,Up,Down,0,0.0,0.10099999999999909
2025-04-23,64.643,64.733,64.513,64.552,1229,57.221397,Up,Up,1,0.12899999999999068,0.0
2025-04-23,64.562,64.811,64.403,64.681,1421,57.35214,Up,Down,0,0.0,0.20900000000000318
2025-04-23,64.691,64.761,64.252,64.472,1413,57.453087,Up,Down,0,0.0,0.18199999999998795
2025-04-23,64.471,64.53,64.2,64.29,1309,57.528023,Up,Down,0,0.0,0.6810000000000045
2025-04-23,64.28,64.28,63.609,63.609,1694,57.56766,Up,Down,0,0.0,0.43200000000000216
2025-04-23,63.61,63.699,62.59,63.177,4381,57.56812,Up,Up,1,0.25,0.0
2025-04-23,63.167,63.865,62.886,63.427,5749,57.55552,Down,Down,1,0.9969999999999999,0.0
2025-04-23,63.428,63.537,61.47,62.43,9113,57.35952,Down,Down,1,0.6589999999999989,0.0
2025-04-23,62.42,62.715,61.691,61.771,5918,57.090557,Down,Up,0,0.0,0.2190000000000012
2025-04-23,61.77,62.538,61.64,61.99,4237,56.838028,Down,Up,0,0.0,0.047999999999994714
2025-04-23,61.99,62.07,61.61,62.038,2682,56.609093,Down,Up,0,0.0,0.09900000000000375
2025-04-23,62.029,62.337,62.028,62.137,2520,56.43845,Down,Up,0,0.0,0.09799999999999898
2025-04-23,62.137,62.294,62.057,62.235,1301,56.317364,Down,Down,1,0.031999999999996476,0.0
2025-04-23,62.244,62.363,62.193,62.203,682,56.24897,Down,Down,1,0.04200000000000159,0.0
2025-04-23,62.262,62.263,62.113,62.161,399,56.218433,Down,Up,0,0.0,0.07799999999999585
2025-04-23,62.161,62.25,62.161,62.239,219,56.213257,Down,Up,0,0.0,0.03100000000000591
2025-04-24,62.23,62.359,62.051,62.27,838,56.23095,Up,Up,1,0.09899999999999665,0.0
2025-04-24,62.27,62.469,62.24,62.369,1306,56.29852,Up,Down,0,0.0,0.20000000000000284
2025-04-24,62.379,62.419,62.158,62.169,881,56.385517,Up,Up,1,0.10800000000000409,0.0
2025-04-24,62.178,62.317,62.129,62.277,662,56.48995,Up,Up,1,0.01899999999999835,0.0
2025-04-24,62.268,62.306,62.217,62.296,365,56.60139,Up,Down,0,0.0,0.1910000000000025
2025-04-24,62.287,62.325,62.105,62.105,748,56.714157,Up,Up,1,0.578000000000003,0.0
2025-04-24,62.105,62.703,62.105,62.683,1413,56.831337,Up,Up,1,0.12899999999999778,0.0
2025-04-24,62.683,62.922,62.653,62.812,1527,56.951458,Up,Down,0,0.0,0.3260000000000005
2025-04-24,62.821,62.901,62.406,62.486,2222,57.05957,Up,Up,1,0.059000000000004604,0.0
2025-04-24,62.495,62.616,62.216,62.545,1667,57.161995,Up,Up,1,0.3470000000000013,0.0
2025-04-24,62.546,62.952,62.506,62.892,1506,57.272316,Up,Up,1,0.11899999999999977,0.0
2025-04-24,62.892,63.18,62.832,63.011,1690,57.388996,Up,Down,0,0.0,0.1460000000000008
2025-04-24,63.01,63.225,62.748,62.865,1998,57.59601,Up,Down,0,0.0,0.010000000000005116
2025-04-24,62.846,63.195,62.685,62.855,3945,57.808754,Up,Down,0,0.0,0.2639999999999958
2025-04-24,62.835,62.895,61.921,62.591,4777,57.96541,Up,Down,0,0.0,0.35999999999999943
2025-04-24,62.591,62.591,62.101,62.231,3925,58.11412,Up,Up,1,0.5670000000000002,0.0
2025-04-24,62.23,62.878,62.08,62.798,2548,58.15549,Up,Up,1,0.045999999999999375,0.0
2025-04-24,62.797,62.866,62.608,62.844,1941,58.130074,Down,Down,1,0.259999999999998,0.0
2025-04-24,62.834,62.862,62.575,62.584,1477,58.039562,Down,Up,0,0.0,0.028999999999996362
2025-04-24,62.574,62.631,62.484,62.613,676,57.897587,Down,Up,0,0.0,0.07900000000000063
2025-04-24,62.612,62.732,62.603,62.692,436,57.719486,Down,Up,0,0.0,0.05700000000000216
2025-04-24,62.731,62.791,62.711,62.749,170,57.51907,Down,Down,1,0.011000000000002785,0.0
2025-04-24,62.749,62.769,62.719,62.738,134,57.307896,Down,Up,0,0.0,0.20900000000000318
2025-04-25,62.748,63.027,62.719,62.947,564,57.09659,Down,Down,1,0.20000000000000284,0.0
2025-04-25,62.956,63.007,62.707,62.747,1170,56.922955,Down,Up,0,0.0,0.15899999999999892
2025-04-25,62.746,62.927,62.746,62.906,782,56.778553,Down,Up,0,0.0,0.15800000000000125
2025-04-25,62.897,63.145,62.886,63.064,893,56.664726,Down,Up,0,0.0,0.1490000000000009
2025-04-25,63.054,63.253,63.034,63.213,483,56.567482,Down,Down,1,0.2610000000000028,0.0
2025-04-25,63.212,63.232,62.932,62.952,849,56.501217,Down,Up,0,0.0,0.21800000000000352
2025-04-25,62.943,63.17,62.752,63.17,1327,56.456295,Down,Down,1,0.4100000000000037,0.0
2025-04-25,63.16,63.2,62.67,62.76,2251,56.438297,Down,Down,1,0.10000000000000142,0.0
2025-04-25,62.77,62.89,62.491,62.66,2298,56.425877,Down,Down,1,0.29999999999999716,0.0
2025-04-25,62.661,62.69,62.221,62.36,1999,56.41851,Down,Down,1,0.6069999999999993,0.0
2025-04-25,62.351,62.789,61.731,61.753,3532,56.38164,Down,Up,0,0.0,0.16599999999999682
2025-04-25,61.773,61.99,61.711,61.919,2742,56.348274,Down,Down,1,0.05999999999999517,0.0
2025-04-25,61.917,61.99,61.73,61.859,2144,56.324722,Down,Up,0,0.0,0.5159999999999982
2025-04-25,61.868,62.496,61.771,62.375,4032,56.32107,Down,Down,1,0.05799999999999983,0.0
2025-04-25,62.376,62.604,62.179,62.317,3926,56.340313,Up,Up,1,0.49799999999999756,0.0
2025-04-25,62.328,62.843,62.308,62.815,3499,56.376026,Up,Up,1,0.08300000000000551,0.0
2025-04-25,62.814,63.005,62.723,62.898,2074,56.42329,Up,Down,0,0.0,0.22100000000000364
2025-04-25,62.908,63.177,62.638,62.677,3076,56.479855,Up,Up,1,0.28600000000000136,0.0
2025-04-25,62.686,63.036,62.647,62.963,2066,56.536633,Up,Up,1,0.10900000000000176,0.0
2025-04-25,62.973,63.221,62.972,63.072,1187,56.604744,Up,Down,0,0.0,0.0040000000000048885
2025-04-25,63.071,63.259,63.008,63.068,672,56.67894,Up,Up,1,0.1390000000000029,0.0
2025-04-27,63.172,63.638,62.906,63.207,1258,56.790043,Up,Down,0,0.0,0.2610000000000028
2025-04-27,63.227,63.247,62.906,62.946,608,56.96766,Up,Up,1,0.04200000000000159,0.0
2025-04-28,62.937,63.096,62.906,62.988,1117,57.008987,Up,Down,0,0.0,0.19200000000000017
2025-04-28,62.996,63.198,62.775,62.796,2188,56.9992,Down,Down,1,0.07000000000000028,0.0
2025-04-28,62.787,62.835,62.716,62.726,985,56.93085,Down,Up,0,0.0,0.2740000000000009
2025-04-28,62.735,63.112,62.725,63.0,1108,56.8605,Down,Up,0,0.0,0.12899999999999778
2025-04-28,63.008,63.176,62.969,63.129,492,56.79594,Down,Up,0,0.0,0.1280000000000001
2025-04-28,63.138,63.279,63.087,63.257,1279,56.74169,Down,Down,1,0.1109999999999971,0.0
2025-04-28,63.267,63.345,63.046,63.146,1599,56.694115,Down,Down,1,0.1980000000000004,0.0
2025-04-28,63.137,63.147,62.907,62.948,1859,56.64934,Down,Down,1,0.21000000000000085,0.0
2025-04-28,62.941,63.028,62.709,62.738,2059,56.60518,Down,Down,1,0.16599999999999682,0.0
2025-04-28,62.75,62.78,62.57,62.572,1737,56.55996,Down,Down,1,0.021000000000000796,0.0
2025-04-28,62.58,62.646,62.392,62.551,1904,56.514244,Down,Up,0,0.0,0.14399999999999835
2025-04-28,62.55,62.763,62.441,62.695,2000,56.474968,Down,Up,0,0.0,0.06199999999999761
2025-04-28,62.704,62.904,62.514,62.757,2528,56.44074,Down,Down,1,0.5459999999999994,0.0
2025-04-28,62.75,63.0,62.192,62.211,5308,56.407215,Down,Down,1,0.2680000000000007,0.0
2025-04-28,62.221,62.368,61.872,61.943,6516,56.366997,Down,Down,1,0.29699999999999704,0.0
2025-04-28,61.942,62.06,61.512,61.646,5365,56.309715,Down,Down,1,0.21399999999999864,0.0
2025-04-28,61.648,61.739,61.368,61.432,2920,56.24322,Down,Up,0,0.0,0.20199999999999818
2025-04-28,61.43,61.683,61.31,61.634,2695,56.174183,Down,Up,0,0.0,0.14099999999999824
2025-04-28,61.633,61.915,61.613,61.775,2405,56.108505,Down,Up,0,0.0,0.03800000000000381
2025-04-28,61.785,61.873,61.774,61.813,1027,56.042084,Down,Down,1,0.10300000000000153,0.0
2025-04-28,61.814,61.814,61.64,61.71,552,55.972298,Down,Up,0,0.0,0.07900000000000063
2025-04-28,61.771,61.878,61.731,61.789,311,55.901382,Down,Up,0,0.0,0.03900000000000148
2025-04-28,61.789,61.838,61.778,61.828,193,55.827824,Down,Down,1,0.1490000000000009,0.0
2025-04-29,61.819,61.823,61.598,61.679,1000,55.714115,Down,Up,0,0.0,0.06099999999999994
2025-04-29,61.678,61.809,61.579,61.74,2002,55.632313,Down,Down,1,0.24900000000000233,0.0
2025-04-29,61.731,61.879,61.462,61.491,1499,55.65869,Up,Down,0,0.0,0.020000000000003126
2025-04-29,61.482,61.578,61.38,61.471,1109,55.68957,Up,Down,0,0.0,0.13099999999999312
2025-04-29,61.47,61.489,61.301,61.34,661,55.72089,Up,Down,0,0.0,0.10900000000000176
2025-04-29,61.332,61.382,61.059,61.231,1736,55.74892,Up,Down,0,0.0,0.030000000000001137
2025-04-29,61.221,61.37,61.101,61.201,1629,55.77791,Up,Down,0,0.0,0.21000000000000085
2025-04-29,61.199,61.261,60.894,60.991,2089,55.811543,Up,Down,0,0.0,0.24900000000000233
2025-04-29,60.994,61.434,60.721,60.742,3301,55.86796,Up,Up,1,0.24500000000000455,0.0
2025-04-29,60.751,61.25,60.728,60.987,3148,55.945656,Up,Down,0,0.0,0.15700000000000358
2025-04-29,60.987,61.118,60.66,60.83,2446,55.996838,Up,Up,1,0.044000000000004036,0.0
2025-04-29,60.837,60.915,60.608,60.874,2418,56.02128,Up,Down,0,0.0,0.22299999999999898
2025-04-29,60.872,61.035,60.524,60.651,3378,56.02197,Up,Up,1,0.056999999999995055,0.0
2025-04-29,60.645,60.966,60.597,60.708,5865,56.004032,Down,Down,1,0.15800000000000125,0.0
2025-04-29,60.717,60.787,60.253,60.55,5586,55.991264,Down,Down,1,0.0969999999999942,0.0
2025-04-29,60.542,60.888,60.421,60.453,4737,55.918716,Down,Down,1,0.3049999999999997,0.0
2025-04-29,60.461,60.575,60.11,60.148,3439,55.75872,Down,Up,0,0.0,0.2979999999999947
2025-04-29,60.15,60.483,60.148,60.446,2772,55.5311,Down,Down,1,0.30399999999999494,0.0
2025-04-29,60.453,60.453,60.061,60.142,2929,55.26222,Down,Down,1,0.054000000000002046,0.0
2025-04-29,60.152,60.23,60.068,60.088,1042,54.970455,Down,Down,1,0.1390000000000029,0.0
2025-04-29,60.097,60.117,59.949,59.949,844,54.668205,Down,Up,0,0.0,0.11500000000000199
2025-04-29,60.009,60.107,59.974,60.064,314,54.37203,Down,Up,0,0.0,0.030999999999998806
2025-04-29,60.066,60.095,60.036,60.095,143,54.09557,Down,Down,1,0.021999999999998465,0.0
2025-04-30,60.093,60.156,60.023,60.073,764,53.8365,Down,Down,1,0.036999999999999034,0.0
2025-04-30,60.074,60.236,60.033,60.036,1677,53.653435,Down,Down,1,0.32099999999999795,0.0
2025-04-30,60.038,60.207,59.684,59.715,1299,53.49369,Down,Down,1,0.1880000000000024,0.0
2025-04-30,59.714,59.772,59.506,59.527,1365,53.384586,Down,Down,1,0.04800000000000182,0.0
2025-04-30,59.536,59.579,59.388,59.479,820,53.28743,Down,Down,1,0.04200000000000159,0.0
2025-04-30,59.488,59.611,59.359,59.437,1382,53.21144,Down,Up,0,0.0,0.1110000000000042
2025-04-30,59.447,59.581,59.371,59.548,2051,53.14586,Down,Down,1,0.25800000000000267,0.0
2025-04-30,59.541,59.541,59.14,59.29,2475,53.073483,Down,Down,1,0.08500000000000085,0.0
2025-04-30,59.293,59.342,59.02,59.205,2931,53.009438,Down,Up,0,0.0,0.6769999999999996
2025-04-30,59.206,59.882,59.198,59.882,2916,52.949097,Down,Down,1,0.1039999999999992,0.0
2025-04-30,59.88,59.89,59.593,59.778,1955,52.89376,Down,Down,1,0.022999999999996135,0.0
2025-04-30,59.775,59.837,59.648,59.755,1954,52.85163,Down,Down,1,0.36700000000000443,0.0
2025-04-30,59.747,59.922,59.235,59.388,3344,52.8002,Down,Down,1,0.3810000000000002,0.0
2025-04-30,59.378,59.806,58.968,59.007,5164,52.74755,Down,Up,0,0.0,0.31099999999999994
2025-04-30,58.998,59.666,58.954,59.318,6650,52.6872,Down,Down,1,1.3539999999999992,0.0
2025-04-30,59.31,59.92,57.812,57.964,8311,52.608326,Down,Down,1,0.13100000000000023,0.0
2025-04-30,57.983,58.588,57.732,57.833,6089,52.523308,Down,Up,0,0.0,0.2360000000000042
2025-04-30,57.823,58.315,57.813,58.069,3541,52.43673,Down,Down,1,0.0870000000000033,0.0
2025-04-30,58.072,58.874,57.874,57.982,4906,52.358402,Down,Down,1,0.027000000000001023,0.0
2025-04-30,57.994,58.013,57.843,57.955,1592,52.29138,Down,Up,0,0.0,0.054000000000002046
2025-04-30,57.971,58.204,57.945,58.009,1699,52.221916,Down,Up,0,0.0,0.15800000000000125
2025-04-30,57.999,58.256,57.989,58.167,506,52.15111,Down,Down,1,0.008000000000002672,0.0
2025-04-30,58.154,58.248,58.11,58.159,294,52.08158,Down,Down,1,0.10199999999999676,0.0
2025-05-01,58.169,58.226,58.007,58.057,1219,52.260643,Up,Down,0,0.0,0.0010000000000047748
2025-05-01,58.048,58.066,57.936,58.056,893,52.270874,Up,Up,1,0.007000000000005002,0.0
2025-05-01,58.056,58.094,57.974,58.063,636,52.125595,Down,Down,1,0.20700000000000074,0.0
2025-05-01,58.065,58.115,57.816,57.856,769,51.91088,Down,Up,0,0.0,0.07099999999999795
2025-05-01,57.864,57.987,57.853,57.927,621,51.65047,Down,Up,0,0.0,0.04899999999999949
2025-05-01,57.935,58.068,57.916,57.976,865,51.388546,Down,Down,1,0.33899999999999864,0.0
2025-05-01,57.966,58.016,57.558,57.637,1196,51.133347,Down,Down,1,0.31799999999999784,0.0
2025-05-01,57.638,57.66,57.276,57.319,2139,50.893528,Down,Down,1,0.32100000000000506,0.0
2025-05-01,57.308,57.517,56.798,56.998,3005,50.68029,Down,Down,1,0.5090000000000003,0.0
2025-05-01,56.997,57.058,56.459,56.489,2532,50.48871,Down,Down,1,0.16199999999999903,0.0
2025-05-01,56.488,56.546,56.199,56.327,2817,50.32511,Down,Up,0,0.0,0.5670000000000002
2025-05-01,56.344,56.956,56.29,56.894,3106,50.215256,Down,Up,0,0.0,0.5790000000000006
2025-05-01,56.888,57.615,56.744,57.473,3783,50.153408,Down,Up,0,0.0,0.7839999999999989
2025-05-01,57.465,58.676,57.3,58.257,7400,50.182682,Up,Up,1,0.029000000000003467,0.0
2025-05-01,58.264,58.806,58.239,58.286,5953,50.237797,Up,Down,0,0.0,0.34199999999999875
2025-05-01,58.288,58.519,57.914,57.944,4958,50.284115,Up,Up,1,0.08299999999999841,0.0
2025-05-01,57.946,58.205,57.536,58.027,4913,50.381462,Up,Up,1,0.2539999999999978,0.0
2025-05-01,58.029,58.491,58.005,58.281,2972,50.430477,Up,Up,1,0.5840000000000032,0.0
2025-05-01,58.282,59.265,58.251,58.865,5045,50.43093,Up,Down,0,0.0,0.014000000000002899
2025-05-01,58.867,59.013,58.794,58.851,1693,50.431046,Up,Down,0,0.0,0.07799999999999585
2025-05-01,58.843,58.901,58.752,58.773,1006,50.42383,Down,Down,1,0.15900000000000603,0.0
2025-05-01,58.663,58.758,58.528,58.614,282,50.40989,Down,Up,0,0.0,0.08900000000000574
2025-05-01,58.615,58.735,58.614,58.703,218,50.39398,Down,Up,0,0.0,0.5549999999999997
2025-05-02,58.705,59.28,58.705,59.258,1471,50.358814,Down,Up,0,0.0,0.22999999999999687
2025-05-02,59.26,59.509,59.23,59.488,1397,50.334797,Down,Up,0,0.0,0.08299999999999841
2025-05-02,59.479,59.642,59.408,59.571,923,50.325027,Down,Down,1,0.054999999999999716,0.0
2025-05-02,59.575,59.575,59.396,59.516,760,50.34067,Up,Down,0,0.0,0.04899999999999949
2025-05-02,59.514,59.534,59.347,59.467,837,50.377365,Up,Down,0,0.0,0.1670000000000016
2025-05-02,59.457,59.477,59.28,59.3,789,50.432236,Up,Down,0,0.0,0.17599999999999483
2025-05-02,59.293,59.487,59.091,59.124,1249,50.499886,Up,Down,0,0.0,0.16799999999999926
2025-05-02,59.126,59.293,58.946,58.956,2294,50.574596,Up,Down,0,0.0,0.3190000000000026
2025-05-02,58.962,59.233,58.615,58.637,3124,50.65132,Up,Up,1,0.027000000000001023,0.0
2025-05-02,58.627,58.788,58.468,58.664,2656,50.72602,Up,Up,1,0.08399999999999608,0.0
2025-05-02,58.666,58.819,58.554,58.748,2038,50.807655,Up,Down,0,0.0,0.3089999999999975
2025-05-02,58.748,58.992,58.331,58.439,2418,50.89297,Up,Up,1,0.5360000000000014,0.0
2025-05-02,58.431,59.005,58.278,58.975,3740,50.994614,Up,Down,0,0.0,0.8939999999999984
2025-05-02,58.958,59.096,57.897,58.081,5339,51.11847,Up,Up,1,0.04099999999999682,0.0
2025-05-02,58.067,58.473,57.521,58.122,7229,51.267105,Up,Up,1,0.08299999999999841,0.0
2025-05-02,58.13,58.452,57.825,58.205,4303,51.402664,Up,Down,0,0.0,0.4269999999999996
2025-05-02,58.196,58.781,57.585,57.778,4017,51.495968,Up,Up,1,0.17900000000000205,0.0
2025-05-02,57.786,58.117,57.563,57.957,3024,51.562283,Up,Down,0,0.0,0.017000000000003013
2025-05-02,57.955,58.234,57.903,57.94,2586,51.634674,Up,Up,1,0.3990000000000009,0.0
2025-05-02,57.948,58.395,57.898,58.339,1330,51.694252,Up,Down,0,0.0,0.12399999999999523
2025-05-02,58.337,58.427,58.155,58.215,682,51.731537,Up,Down,0,0.0,2.193000000000005
2025-05-04,56.213,56.303,55.17,56.022,4747,51.66027,Down,Down,1,0.2980000000000018,0.0
2025-05-04,56.027,56.349,55.651,55.724,1711,51.615307,Down,Up,0,0.0,0.14100000000000534
2025-05-05,55.726,56.111,55.604,55.865,1705,51.424587,Down,Up,0,0.0,0.09499999999999886
2025-05-05,55.858,56.173,55.715,55.96,1644,51.27385,Down,Down,1,0.09600000000000364,0.0
2025-05-05,55.957,56.075,55.817,55.864,1109,51.13028,Down,Down,1,0.0049999999999954525,0.0
2025-05-05,55.862,55.914,55.712,55.859,1150,51.031906,Down,Down,1,0.0940000000000012,0.0
2025-05-05,55.864,55.879,55.7,55.765,731,50.995037,Down,Up,0,0.0,0.38000000000000256
2025-05-05,55.775,56.198,55.765,56.145,1022,51.017483,Up,Up,1,0.24199999999999733,0.0
2025-05-05,56.158,56.49,56.158,56.387,1584,51.08192,Up,Up,1,0.2920000000000016,0.0
2025-05-05,56.377,56.894,56.287,56.679,3127,51.170197,Up,Up,1,0.1319999999999979,0.0
2025-05-05,56.684,57.007,56.599,56.811,3223,51.26261,Up,Up,1,0.4720000000000013,0.0
2025-05-05,56.819,57.301,56.696,57.283,2717,51.340126,Up,Down,0,0.0,0.07500000000000284
2025-05-05,57.286,57.375,57.12,57.208,1880,51.399555,Up,Down,0,0.0,0.07600000000000051
2025-05-05,57.198,57.477,57.104,57.132,1884,51.440357,Up,Down,0,0.0,0.07600000000000051
2025-05-05,57.127,57.244,56.731,57.056,2493,51.453716,Up,Up,1,0.19000000000000483,0.0
2025-05-05,57.056,57.411,56.999,57.246,3870,51.457764,Up,Down,0,0.0,0.7360000000000042
2025-05-05,57.263,57.271,56.417,56.51,4716,51.494072,Up,Up,1,0.1490000000000009,0.0
2025-05-05,56.51,56.677,56.26,56.659,3380,51.48493,Down,Up,0,0.0,0.19899999999999807
2025-05-05,56.657,57.079,56.657,56.858,2846,51.457348,Down,Up,0,0.0,0.142000000000003
2025-05-05,56.863,57.063,56.768,57.0,2261,51.39835,Down,Down,1,0.04800000000000182,0.0
2025-05-05,56.998,57.078,56.872,56.952,2147,51.31094,Down,Down,1,0.134999999999998,0.0
2025-05-05,56.942,56.987,56.782,56.817,996,51.204422,Down,Up,0,0.0,0.18900000000000006
2025-05-05,56.822,57.039,56.782,57.006,648,51.08731,Down,Down,1,0.027999999999998693,0.0
2025-05-05,56.918,57.008,56.886,56.978,407,50.975365,Down,Down,1,0.030999999999998806,0.0
2025-05-05,56.975,56.997,56.945,56.947,189,50.944065,Down,Up,0,0.0,0.1839999999999975
2025-05-06,56.944,57.136,56.829,57.131,796,50.867775,Down,Up,0,0.0,0.6799999999999997
2025-05-06,57.124,57.886,57.121,57.811,4920,50.735874,Down,Down,1,0.0030000000000001137,0.0
2025-05-06,57.808,57.923,57.576,57.808,2320,50.655296,Down,Up,0,0.0,0.012000000000000455
2025-05-06,57.798,57.905,57.758,57.82,1206,50.576363,Down,Up,0,0.0,0.036999999999999034
2025-05-06,57.825,57.894,57.785,57.857,528,50.490566,Down,Down,1,0.1460000000000008,0.0
2025-05-06,57.862,57.884,57.706,57.711,1089,50.40306,Down,Up,0,0.0,0.3269999999999982
2025-05-06,57.716,58.08,57.706,58.038,1519,50.318645,Down,Up,0,0.0,0.11200000000000188
2025-05-06,58.035,58.293,57.998,58.15,2242,50.249916,Down,Up,0,0.0,0.20199999999999818
2025-05-06,58.155,58.387,57.94,58.352,3216,50.184628,Down,Up,0,0.0,0.18900000000000006
2025-05-06,58.364,58.614,58.287,58.541,2871,50.128036,Down,Down,1,0.5159999999999982,0.0
2025-05-06,58.544,58.616,58.02,58.025,2209,50.093235,Down,Up,0,0.0,0.20199999999999818
2025-05-06,58.03,58.24,58.03,58.227,1833,50.070293,Down,Up,0,0.0,0.20900000000000318
2025-05-06,58.23,58.509,58.14,58.436,2253,50.06926,Down,Up,0,0.0,0.6700000000000017
2025-05-06,58.426,59.143,58.323,59.106,5231,50.06564,Down,Down,1,0.045000000000001705,0.0
2025-05-06,59.096,59.428,58.949,59.061,3966,50.10315,Up,Up,1,0.2629999999999981,0.0
2025-05-06,59.056,59.404,59.011,59.324,3271,50.162685,Up,Down,0,0.0,0.4579999999999984
2025-05-06,59.321,59.566,58.836,58.866,4078,50.275497,Up,Up,1,0.240000000000002,0.0
2025-05-06,58.859,59.108,58.841,59.106,2510,50.410675,Up,Down,0,0.0,0.3130000000000024
2025-05-06,59.103,59.208,58.753,58.793,2310,50.546223,Up,Up,1,0.06400000000000006,0.0
2025-05-06,58.788,58.887,58.703,58.857,825,50.675003,Up,Down,0,0.0,0.10900000000000176
2025-05-06,58.857,58.887,58.616,58.748,776,50.79861,Up,Up,1,0.4660000000000011,0.0
2025-05-06,58.755,59.426,58.752,59.214,1133,50.942688,Up,Up,1,0.08599999999999852,0.0
2025-05-06,59.221,59.4,59.111,59.3,597,51.078835,Up,Up,1,0.14800000000000324,0.0
2025-05-07,59.303,59.473,59.245,59.448,1625,51.22681,Up,Down,0,0.0,0.17900000000000205
2025-05-07,59.448,59.472,59.169,59.269,2411,51.440773,Up,Up,1,0.04899999999999949,0.0
2025-05-07,59.262,59.331,59.172,59.318,1554,51.707794,Up,Up,1,0.009000000000000341,0.0
2025-05-07,59.311,59.35,59.228,59.327,912,51.91346,Up,Up,1,0.13300000000000267,0.0
2025-05-07,59.32,59.472,59.305,59.46,608,52.070312,Up,Down,0,0.0,0.05100000000000193
2025-05-07,59.462,59.507,59.356,59.409,866,52.178623,Up,Up,1,0.22800000000000153,0.0
2025-05-07,59.399,59.673,59.346,59.637,1345,52.241238,Up,Up,1,0.142000000000003,0.0
2025-05-07,59.634,59.902,59.604,59.779,1958,52.309395,Up,Down,0,0.0,0.2880000000000038
2025-05-07,59.822,59.966,59.481,59.491,2265,52.33443,Up,Down,0,0.0,0.3019999999999996
2025-05-07,59.501,59.531,59.093,59.189,2309,52.315617,Down,Up,0,0.0,0.11399999999999721
2025-05-07,59.199,59.363,59.023,59.303,1950,52.26262,Down,Up,0,0.0,0.13700000000000045
2025-05-07,59.308,59.495,59.26,59.44,1648,52.188053,Down,Down,1,0.49099999999999966,0.0
2025-05-07,59.437,59.46,58.819,58.949,2642,52.11596,Down,Down,1,0.2979999999999947,0.0
2025-05-07,58.939,58.942,58.434,58.651,4368,52.03245,Down,Down,1,0.14700000000000557,0.0
2025-05-07,58.644,58.761,58.292,58.504,4312,51.928,Down,Down,1,0.30399999999999494,0.0
2025-05-07,58.511,58.884,58.09,58.2,4603,51.765774,Down,Down,1,0.0010000000000047748,0.0
2025-05-07,58.2,58.314,58.012,58.199,2446,51.598995,Down,Down,1,0.22299999999999898,0.0
2025-05-07,58.202,58.272,57.839,57.976,1950,51.40881,Down,Down,1,0.045000000000001705,0.0
2025-05-07,57.973,58.062,57.594,57.931,3525,51.23433,Down,Down,1,0.07399999999999807,0.0
2025-05-07,57.935,57.945,57.648,57.857,1970,51.08141,Down,Down,1,0.13400000000000034,0.0
2025-05-07,57.85,57.863,57.64,57.723,768,50.944603,Down,Down,1,0.0519999999999996,0.0
2025-05-07,57.686,57.72,57.516,57.671,317,50.83684,Down,Up,0,0.0,0.17099999999999937
2025-05-07,57.669,57.855,57.669,57.842,273,50.773045,Down,Up,0,0.0,0.09000000000000341
2025-05-08,57.845,57.959,57.765,57.932,1011,50.761864,Down,Up,0,0.0,0.28600000000000136
2025-05-08,57.935,58.245,57.903,58.218,2148,50.802486,Up,Up,1,0.012999999999998124,0.0
2025-05-08,58.225,58.255,58.105,58.231,1110,50.87045,Up,Up,1,0.11599999999999966,0.0
2025-05-08,58.228,58.38,58.218,58.347,778,50.968388,Up,Down,0,0.0,0.07500000000000284
2025-05-08,58.344,58.42,58.212,58.272,664,51.08983,Up,Up,1,0.13000000000000256,0.0
2025-05-08,58.28,58.412,58.195,58.402,1196,51.208347,Up,Down,0,0.0,0.33100000000000307
2025-05-08,58.394,58.412,57.912,58.071,2367,51.31886,Up,Up,1,0.10000000000000142,0.0
2025-05-08,58.068,58.254,57.984,58.171,1921,51.42442,Up,Up,1,0.34600000000000364,0.0
2025-05-08,58.175,58.536,58.095,58.517,2643,51.533245,Up,Up,1,0.03999999999999915,0.0
2025-05-08,58.521,58.644,58.374,58.557,1955,51.66264,Up,Up,1,0.28999999999999915,0.0
2025-05-08,58.574,58.944,58.454,58.847,1606,51.791622,Up,Up,1,0.04899999999999949,0.0
2025-05-08,58.84,58.967,58.74,58.896,1418,51.912987,Up,Down,0,0.0,0.25099999999999767
2025-05-08,58.903,59.0,58.538,58.645,2543,52.02235,Up,Up,1,0.6119999999999948,0.0
2025-05-08,58.645,59.31,58.552,59.257,4222,52.151363,Up,Up,1,0.04899999999999949,0.0
2025-05-08,59.254,59.583,59.109,59.306,4456,52.271996,Up,Up,1,0.39100000000000534,0.0
2025-05-08,59.303,59.763,59.209,59.697,4942,52.363712,Up,Up,1,0.00999999999999801,0.0
2025-05-08,59.687,59.75,59.359,59.707,2393,52.46149,Up,Down,0,0.0,0.04100000000000392
2025-05-08,59.7,59.7,59.556,59.666,1638,52.55817,Up,Up,1,0.02300000000000324,0.0
2025-05-08,59.649,59.799,59.569,59.689,1786,52.65973,Up,Up,1,0.054000000000002046,0.0
2025-05-08,59.692,59.788,59.636,59.743,1019,52.75605,Up,Up,1,0.2560000000000002,0.0
2025-05-08,59.746,60.01,59.736,59.999,733,52.847885,Up,Down,0,0.0,0.10800000000000409
2025-05-08,60.002,60.005,59.891,59.891,380,52.944572,Up,Down,0,0.0,0.02400000000000091
2025-05-08,59.894,59.952,59.835,59.867,273,53.040688,Up,Down,0,0.0,0.1669999999999945
2025-05-09,59.857,59.911,59.674,59.7,851,53.155926,Up,Down,0,0.0,0.0010000000000047748
2025-05-09,59.697,59.886,59.664,59.699,1691,53.28663,Up,Up,1,0.1529999999999987,0.0
2025-05-09,59.703,59.936,59.629,59.852,1206,53.42857,Up,Down,0,0.0,0.023999999999993804
2025-05-09,59.846,59.919,59.772,59.828,932,53.558846,Up,Up,1,0.14000000000000057,0.0
2025-05-09,59.822,59.979,59.805,59.968,1037,53.675358,Up,Down,0,0.0,0.02400000000000091
2025-05-09,59.961,60.048,59.921,59.944,932,53.774933,Up,Up,1,0.08500000000000085,0.0
2025-05-09,59.951,60.157,59.923,60.029,1302,53.856754,Up,Up,1,0.30999999999999517,0.0
2025-05-09,60.019,60.443,59.926,60.339,1917,53.914993,Up,Up,1,0.1739999999999995,0.0
2025-05-09,60.343,60.52,60.3,60.513,1456,53.97664,Up,Up,1,0.23000000000000398,0.0
2025-05-09,60.516,60.756,60.423,60.743,1202,54.080296,Up,Up,1,0.09899999999999665,0.0
2025-05-09,60.746,60.907,60.703,60.842,1401,54.177807,Up,Up,1,0.09600000000000364,0.0
2025-05-09,60.845,61.134,60.678,60.938,2294,54.276466,Up,Down,0,0.0,0.347999999999999
2025-05-09,60.944,60.971,60.581,60.59,2018,54.34623,Up,Down,0,0.0,0.38700000000000045
2025-05-09,60.593,60.603,60.023,60.203,4390,54.378582,Up,Up,1,0.12899999999999778,0.0
2025-05-09,60.206,60.429,59.946,60.332,3536,54.493813,Up,Up,1,0.04299999999999926,0.0
2025-05-09,60.322,60.523,60.239,60.375,2810,54.582024,Up,Up,1,0.18299999999999983,0.0
2025-05-09,60.382,60.609,60.201,60.558,1803,54.692398,Up,Up,1,0.026000000000003354,0.0
2025-05-09,60.555,60.724,60.495,60.584,1845,54.747665,Up,Up,1,0.11899999999999977,0.0
2025-05-09,60.581,60.804,60.568,60.703,1772,54.75747,Up,Down,0,0.0,0.05000000000000426
2025-05-09,60.706,60.79,60.602,60.653,824,54.72786,Down,Up,0,0.0,0.08299999999999841
2025-05-09,60.643,60.799,60.62,60.736,434,54.664005,Down,Up,0,0.0,0.28300000000000125
2025-05-11,61.065,61.145,60.812,61.019,1250,54.66397,Down,Down,1,0.02400000000000091,0.0
2025-05-11,61.019,61.115,60.978,60.995,526,54.71294,Up,Down,0,0.0,0.22099999999999653
2025-05-12,60.995,60.995,60.715,60.774,1101,54.517113,Down,Down,1,0.04100000000000392,0.0
2025-05-12,60.781,60.947,60.673,60.733,2259,54.29296,Down,Up,0,0.0,0.26900000000000546
2025-05-12,60.727,61.025,60.727,61.002,1156,54.022697,Down,Up,0,0.0,0.041999999999994486
2025-05-12,61.015,61.091,60.948,61.044,675,53.751396,Down,Up,0,0.0,0.07600000000000051
2025-05-12,61.038,61.127,60.978,61.12,384,53.476574,Down,Up,0,0.0,0.382000000000005
2025-05-12,61.124,61.509,61.063,61.502,1167,53.220833,Down,Up,0,0.0,0.08699999999999619
2025-05-12,61.492,61.715,61.412,61.589,1612,52.98172,Down,Up,0,0.0,0.7850000000000037
2025-05-12,61.586,63.028,61.586,62.374,6584,52.786533,Down,Down,1,0.054000000000002046,0.0
2025-05-12,62.381,62.48,61.898,62.32,4129,52.62098,Down,Up,0,0.0,0.21999999999999886
2025-05-12,62.317,62.74,62.314,62.54,2452,52.468967,Down,Up,0,0.0,0.3689999999999998
2025-05-12,62.544,62.921,62.377,62.909,1828,52.33817,Down,Up,0,0.0,0.14999999999999858
2025-05-12,62.898,63.218,62.869,63.059,2405,52.23839,Down,Down,1,0.06700000000000017,0.0
2025-05-12,63.056,63.155,62.878,62.992,2173,52.153065,Down,Down,1,0.5009999999999977,0.0
2025-05-12,62.985,63.015,62.451,62.491,3573,52.077988,Down,Down,1,0.3990000000000009,0.0
2025-05-12,62.495,62.811,62.075,62.092,3873,52.016342,Down,Down,1,0.16599999999999682,0.0
2025-05-12,62.112,62.304,61.898,61.926,3486,51.97797,Down,Up,0,0.0,0.05999999999999517
2025-05-12,61.932,62.046,61.756,61.986,1813,51.957184,Down,Down,1,0.13599999999999568,0.0
2025-05-12,61.976,61.976,61.827,61.85,1305,51.961815,Up,Down,0,0.0,0.1910000000000025
2025-05-12,61.843,61.853,61.468,61.659,1890,51.966915,Up,Down,0,0.0,0.16499999999999915
2025-05-12,61.649,61.649,61.342,61.494,744,51.969475,Up,Up,1,0.1319999999999979,0.0
2025-05-12,61.491,61.784,61.484,61.626,648,51.964878,Down,Down,1,0.046999999999997044,0.0
2025-05-12,61.639,61.719,61.562,61.579,278,51.962654,Down,Up,0,0.0,0.03499999999999659
2025-05-12,61.585,61.719,61.581,61.614,202,51.95009,Down,Down,1,0.232999999999997,0.0
2025-05-13,61.621,61.631,61.348,61.381,674,51.92236,Down,Down,1,0.014000000000002899,0.0
2025-05-13,61.378,61.617,61.355,61.367,1458,51.93315,Up,Up,1,0.04899999999999949,0.0
2025-05-13,61.369,61.45,61.363,61.416,884,52.031334,Up,Up,1,0.016000000000005343,0.0
2025-05-13,61.414,61.528,61.316,61.432,747,52.179245,Up,Up,1,0.0659999999999954,0.0
2025-05-13,61.426,61.552,61.392,61.498,404,52.323772,Up,Up,1,0.0660000000000025,0.0
2025-05-13,61.494,61.611,61.481,61.564,925,52.467804,Up,Up,1,0.0799999999999983,0.0
2025-05-13,61.564,61.77,61.384,61.644,1623,52.632168,Up,Down,0,0.0,0.027000000000001023
2025-05-13,61.64,61.804,61.59,61.617,1778,52.76626,Up,Up,1,0.3440000000000012,0.0
2025-05-13,61.631,62.055,61.424,61.961,2936,52.87121,Up,Up,1,0.060000000000002274,0.0
2025-05-13,61.955,62.057,61.785,62.021,1825,52.94544,Up,Up,1,0.13400000000000034,0.0
2025-05-13,62.024,62.208,61.99,62.155,1475,53.001972,Up,Up,1,0.1980000000000004,0.0
2025-05-13,62.151,62.393,62.041,62.353,1299,53.03978,Up,Up,1,0.15899999999999892,0.0
2025-05-13,62.351,62.522,62.253,62.512,2356,53.062298,Up,Down,0,0.0,0.1390000000000029
2025-05-13,62.502,62.516,62.17,62.373,3202,53.07093,Up,Up,1,0.2710000000000008,0.0
2025-05-13,62.38,63.096,62.297,62.644,3637,53.089916,Up,Up,1,0.6750000000000043,0.0
2025-05-13,62.628,63.319,62.578,63.319,3190,53.089584,Down,Up,0,0.0,0.16899999999999693
2025-05-13,63.313,63.523,63.239,63.488,2827,53.09892,Up,Down,0,0.0,0.11299999999999955
2025-05-13,63.468,63.518,63.328,63.375,1683,53.11821,Up,Down,0,0.0,0.027999999999998693
2025-05-13,63.368,63.425,63.253,63.347,1737,53.143127,Up,Down,0,0.0,0.0799999999999983
2025-05-13,63.343,63.383,63.247,63.267,664,53.177437,Up,Down,0,0.0,0.005000000000002558
2025-05-13,63.263,63.383,63.158,63.262,679,53.217686,Up,Down,0,0.0,0.03800000000000381
2025-05-13,63.255,63.283,63.205,63.224,281,53.26641,Up,Up,1,0.0660000000000025,0.0
2025-05-13,63.23,63.314,63.22,63.29,175,53.32372,Up,Down,0,0.0,0.21300000000000097
2025-05-14,63.296,63.3,63.071,63.077,611,53.41338,Up,Down,0,0.0,0.0519999999999996
2025-05-14,63.079,63.127,62.963,63.025,1330,53.542263,Up,Down,0,0.0,0.06299999999999528
2025-05-14,63.03,63.072,62.832,62.962,1043,53.686333,Up,Down,0,0.0,0.017000000000003013
2025-05-14,62.96,63.005,62.842,62.945,647,53.85062,Up,Down,0,0.0,0.029000000000003467
2025-05-14,62.947,63.039,62.911,62.916,383,54.01821,Up,Up,1,0.06800000000000495,0.0
2025-05-14,62.922,63.128,62.86,62.984,982,54.19695,Up,Up,1,0.012999999999998124,0.0
2025-05-14,62.978,63.119,62.907,62.997,1275,54.37296,Up,Up,1,0.1390000000000029,0.0
2025-05-14,63.003,63.275,62.953,63.136,1681,54.545948,Up,Down,0,0.0,0.11599999999999966
2025-05-14,63.14,63.186,62.848,63.02,2149,54.69984,Up,Down,0,0.0,0.46300000000000097
2025-05-14,63.02,63.132,62.461,62.557,1842,54.891956,Up,equal,0,0.0,0.0
2025-05-14,62.551,62.663,62.407,62.557,1400,55.049267,Up,Up,1,0.08899999999999864,0.0
2025-05-14,62.557,62.7,62.462,62.646,1326,55.196854,Up,Up,1,0.015000000000000568,0.0
2025-05-14,62.642,62.721,62.482,62.661,1838,55.34303,Up,Up,1,0.41499999999999915,0.0
2025-05-14,62.663,63.172,62.663,63.076,3188,55.45489,Up,Down,0,0.0,0.045999999999999375
2025-05-14,63.086,63.184,62.616,63.03,4234,55.520847,Up,Down,0,0.0,0.2330000000000041
2025-05-14,63.034,63.036,62.586,62.797,3338,55.585346,Up,Up,1,0.2150000000000034,0.0
2025-05-14,62.801,63.127,62.777,63.012,2068,55.611515,Up,Down,0,0.0,0.045999999999999375
2025-05-14,63.016,63.09,62.872,62.966,1919,55.5972,Down,Down,1,0.40100000000000335,0.0
2025-05-14,62.964,62.964,62.545,62.565,1789,55.556866,Down,Down,1,0.125,0.0
2025-05-14,62.555,62.607,62.43,62.44,639,55.460857,Down,Up,0,0.0,0.03900000000000148
2025-05-14,62.436,62.546,62.38,62.479,519,55.360126,Down,Down,1,0.7359999999999971,0.0
2025-05-14,62.433,62.525,61.729,61.743,826,55.09606,Down,Up,0,0.0,0.06299999999999528
2025-05-14,61.743,61.806,61.501,61.806,1045,54.85716,Down,Down,1,0.0589999999999975,0.0
2025-05-15,61.82,61.992,61.707,61.747,1325,54.67638,Down,Down,1,0.2120000000000033,0.0
2025-05-15,61.751,61.937,61.415,61.535,2617,54.554207,Down,Down,1,0.2679999999999936,0.0
2025-05-15,61.545,61.599,61.233,61.267,1376,54.44749,Down,Up,0,0.0,0.12199999999999989
2025-05-15,61.261,61.606,61.022,61.389,1803,54.38968,Down,Down,1,0.05799999999999983,0.0
2025-05-15,61.394,61.428,61.254,61.331,611,54.374767,Down,Down,1,0.3120000000000047,0.0
2025-05-15,61.327,61.327,61.007,61.019,1324,54.37702,Up,Down,0,0.0,0.3159999999999954
2025-05-15,61.009,61.406,60.598,60.703,3153,54.39608,Up,Up,1,0.14299999999999358,0.0
2025-05-15,60.698,60.912,60.405,60.846,3731,54.433037,Up,Down,0,0.0,0.5479999999999947
2025-05-15,60.85,60.994,60.202,60.298,3650,54.482143,Up,Down,0,0.0,0.11500000000000199
2025-05-15,60.302,60.478,60.128,60.183,2689,54.54664,Up,Up,1,0.47699999999999676,0.0
2025-05-15,60.183,60.674,60.183,60.66,1931,54.629135,Up,Up,1,0.13300000000000267,0.0
2025-05-15,60.64,60.809,60.448,60.793,1678,54.731606,Up,Up,1,0.19500000000000028,0.0
2025-05-15,60.791,61.023,60.611,60.988,2828,54.84247,Up,Up,1,0.40100000000000335,0.0
2025-05-15,60.997,61.581,60.735,61.389,6116,54.966908,Up,Down,0,0.0,0.4790000000000063
2025-05-15,61.395,61.499,60.806,60.91,4478,55.088272,Up,Up,1,0.31099999999999994,0.0
2025-05-15,60.905,61.306,60.736,61.221,3937,55.203415,Up,Up,1,0.0030000000000001137,0.0
2025-05-15,61.206,61.406,61.156,61.224,2168,55.31388,Up,Up,1,0.07700000000000529,0.0
2025-05-15,61.23,61.352,61.114,61.301,1562,55.417084,Up,Down,0,0.0,0.02400000000000091
2025-05-15,61.302,61.382,61.095,61.277,1544,55.512245,Up,Up,1,0.11399999999999721,0.0
2025-05-15,61.286,61.425,61.279,61.391,890,55.65875,Up,Down,0,0.0,0.1039999999999992
2025-05-15,61.382,61.389,61.219,61.287,548,55.791225,Up,Up,1,0.006000000000000227,0.0
2025-05-15,61.296,61.337,61.216,61.293,251,55.88422,Up,Up,1,0.08800000000000097,0.0
2025-05-15,61.297,61.401,61.286,61.381,166,56.081425,Up,Down,0,0.0,0.23100000000000165
2025-05-16,61.386,61.416,61.15,61.15,811,56.20392,Up,Up,1,0.11899999999999977,0.0
2025-05-16,61.16,61.316,61.106,61.269,1470,56.29016,Up,Down,0,0.0,0.00999999999999801
2025-05-16,61.274,61.389,61.184,61.259,1015,56.3443,Up,Up,1,0.045000000000001705,0.0
2025-05-16,61.273,61.358,61.134,61.304,899,56.351467,Up,Up,1,0.2190000000000012,0.0
2025-05-16,61.302,61.9,61.268,61.523,978,56.300037,Down,Down,1,0.3290000000000006,0.0
2025-05-16,61.519,61.539,61.168,61.194,1399,56.20703,Down,Down,1,0.22800000000000153,0.0
2025-05-16,61.207,61.208,60.822,60.966,1735,56.081123,Down,Up,0,0.0,0.277000000000001
2025-05-16,60.956,61.268,60.956,61.243,1987,55.943195,Down,Down,1,0.3160000000000025,0.0
2025-05-16,61.243,61.322,60.851,60.927,2939,55.79763,Down,Up,0,0.0,0.2049999999999983
2025-05-16,60.927,61.313,60.857,61.132,2043,55.653774,Down,Up,0,0.0,0.3890000000000029
2025-05-16,61.121,61.536,61.035,61.521,1592,55.52385,Down,Down,1,0.17600000000000193,0.0
2025-05-16,61.53,61.551,61.279,61.345,1591,55.42437,Down,Up,0,0.0,0.21600000000000108
2025-05-16,61.349,61.611,61.178,61.561,2117,55.332493,Down,Down,1,0.08899999999999864,0.0
2025-05-16,61.555,61.674,61.367,61.472,2607,55.253494,Down,Up,0,0.0,0.14399999999999835
2025-05-16,61.45,61.671,61.22,61.616,2654,55.171043,Down,Up,0,0.0,0.4609999999999985
2025-05-16,61.631,62.112,61.605,62.077,2841,55.060097,Down,Down,1,0.054999999999999716,0.0
2025-05-16,62.081,62.217,61.928,62.022,1994,54.992886,Down,Up,0,0.0,0.08500000000000085
2025-05-16,62.012,62.142,61.873,62.107,1489,54.933174,Down,Down,1,0.054999999999999716,0.0
2025-05-16,62.103,62.162,61.939,62.052,1605,54.88326,Down,Down,1,0.20600000000000307,0.0
2025-05-16,62.047,62.047,61.771,61.846,697,54.83553,Down,Up,0,0.0,0.09500000000000597
2025-05-16,61.821,61.985,61.807,61.941,521,54.79576,Down,Up,0,0.0,0.1490000000000009
2025-05-18,61.815,62.115,61.224,62.09,1269,54.854477,Up,Down,0,0.0,0.011000000000002785
2025-05-18,62.085,62.12,61.879,62.079,395,55.01515,Up,Down,0,0.0,0.10999999999999943
2025-05-19,62.08,62.08,61.909,61.969,687,55.009464,Down,Down,1,0.21099999999999852,0.0
2025-05-19,61.969,62.029,61.728,61.758,1329,54.98857,Down,Up,0,0.0,0.04899999999999949
2025-05-19,61.758,61.917,61.728,61.807,827,54.9248,Down,Down,1,0.10099999999999909,0.0
2025-05-19,61.817,61.837,61.676,61.706,730,54.835335,Down,Down,1,0.07100000000000506,0.0
2025-05-19,61.706,61.806,61.605,61.635,415,54.72298,Down,Down,1,0.021000000000000796,0.0
2025-05-19,61.635,61.705,61.595,61.614,648,54.592896,Down,Down,1,0.18099999999999739,0.0
2025-05-19,61.614,61.624,61.393,61.433,836,54.451614,Down,Up,0,0.0,0.20900000000000318
2025-05-19,61.423,61.713,61.343,61.642,1570,54.307854,Down,Down,1,0.1110000000000042,0.0
2025-05-19,61.642,61.693,61.402,61.531,1598,54.16372,Down,Down,1,0.12999999999999545,0.0
2025-05-19,61.541,61.751,61.381,61.401,1248,54.030537,Down,Down,1,0.30100000000000193,0.0
2025-05-19,61.411,61.411,60.99,61.1,1085,53.950817,Down,Up,0,0.0,0.2890000000000015
2025-05-19,61.11,61.439,61.09,61.389,840,53.877693,Down,Up,0,0.0,0.46999999999999886
2025-05-19,61.389,61.879,61.369,61.859,1192,53.822617,Down,Down,1,0.13100000000000023,0.0
2025-05-19,61.849,61.999,61.488,61.728,2082,53.778584,Down,Up,0,0.0,0.009000000000000341
2025-05-19,61.708,62.077,61.658,61.737,1994,53.743084,Down,Up,0,0.0,0.759999999999998
2025-05-19,61.747,62.507,61.727,62.497,2005,53.71107,Down,Down,1,0.24099999999999966,0.0
2025-05-19,62.497,62.697,62.053,62.256,2586,53.692104,Down,Down,1,0.5309999999999988,0.0
2025-05-19,62.246,62.266,61.585,61.725,2039,53.661762,Down,Up,0,0.0,0.13799999999999812
2025-05-19,61.735,62.265,61.695,61.863,1348,53.637924,Down,Up,0,0.0,0.259999999999998
2025-05-19,61.863,62.133,61.793,62.123,448,53.615562,Down,Up,0,0.0,0.009000000000000341
2025-05-19,62.123,62.162,62.067,62.132,235,53.593227,Down,Up,0,0.0,0.027999999999998693
2025-05-19,62.091,62.181,62.051,62.16,129,53.5712,Down,Up,0,0.0,0.029000000000003467
2025-05-19,62.16,62.219,62.15,62.189,60,53.541832,Down,Down,1,0.030999999999998806,0.0
2025-05-20,62.199,62.309,62.149,62.158,524,53.49264,Down,Up,0,0.0,0.01899999999999835
2025-05-20,62.158,62.218,62.018,62.177,967,53.493855,Up,Down,0,0.0,0.0799999999999983
2025-05-20,62.177,62.247,62.007,62.097,689,53.60625,Up,Up,1,0.04899999999999949,0.0
2025-05-20,62.087,62.176,62.057,62.146,470,53.735073,Up,Down,0,0.0,0.22100000000000364
2025-05-20,62.146,62.146,61.915,61.925,348,53.87007,Up,Down,0,0.0,0.01099999999999568
2025-05-20,61.915,62.035,61.884,61.914,496,53.999252,Up,Up,1,0.25900000000000034,0.0
2025-05-20,61.924,62.183,61.824,62.173,896,54.129395,Up,Down,0,0.0,0.5399999999999991
2025-05-20,62.163,62.183,61.573,61.633,1264,54.249485,Up,Up,1,0.3989999999999938,0.0
2025-05-20,61.633,62.602,61.623,62.032,3013,54.372837,Up,Down,0,0.0,0.05099999999999483
2025-05-20,62.042,62.181,61.812,61.981,1507,54.48447,Up,Down,0,0.0,0.0010000000000047748
2025-05-20,61.991,62.09,61.901,61.98,1204,54.58958,Up,Down,0,0.0,0.18099999999999739
2025-05-20,61.97,62.09,61.73,61.799,1077,54.689346,Up,Up,1,0.17900000000000205,0.0
2025-05-20,61.799,62.008,61.799,61.978,1041,54.862072,Up,Down,0,0.0,0.3500000000000014
2025-05-20,61.988,62.258,61.508,61.628,2092,55.11193,Up,Up,1,0.09899999999999665,0.0
2025-05-20,61.647,61.867,61.528,61.727,1779,55.30102,Up,Down,0,0.0,0.07000000000000028
2025-05-20,61.737,61.847,61.457,61.657,1769,55.437233,Up,Up,1,0.6080000000000041,0.0
2025-05-20,61.657,62.315,61.576,62.265,1336,55.529423,Up,Down,0,0.0,0.25
2025-05-20,62.265,62.395,61.965,62.015,1077,55.60133,Up,Up,1,0.21699999999999875,0.0
2025-05-20,62.005,62.233,61.895,62.232,1098,55.62775,Up,Up,1,0.060000000000002274,0.0
2025-05-20,62.223,62.312,62.202,62.292,460,55.613094,Down,Down,1,0.08100000000000307,0.0
2025-05-20,62.282,62.321,62.121,62.211,362,55.56108,Down,Up,0,0.0,1.2469999999999999
2025-05-20,62.18,64.133,62.16,63.458,2440,55.50604,Down,Down,1,0.49099999999999966,0.0
2025-05-20,63.449,63.567,62.963,62.967,780,55.443512,Down,Down,1,0.0799999999999983,0.0
2025-05-21,62.968,63.057,62.798,62.887,1933,55.38109,Down,Up,0,0.0,0.15899999999999892
2025-05-21,62.877,63.216,62.707,63.046,1489,55.362823,Down,Down,1,0.06099999999999994,0.0
2025-05-21,63.026,63.195,62.865,62.985,919,55.358814,Down,Down,1,0.011000000000002785,0.0
2025-05-21,62.975,63.034,62.904,62.974,606,55.373035,Up,Up,1,0.08900000000000574,0.0
2025-05-21,62.983,63.243,62.954,63.063,613,55.40442,Up,Down,0,0.0,0.10099999999999909
2025-05-21,63.063,63.142,62.922,62.962,1008,55.443115,Up,Down,0,0.0,0.19000000000000483
2025-05-21,62.952,62.962,62.623,62.772,1258,55.485332,Up,Up,1,0.09900000000000375,0.0
2025-05-21,62.762,62.911,62.592,62.871,1393,55.532326,Up,Down,0,0.0,0.09000000000000341
2025-05-21,62.89,62.991,62.751,62.781,2055,55.586082,Up,Up,1,0.009000000000000341,0.0
2025-05-21,62.781,63.09,62.69,62.79,1521,55.643333,Up,Down,0,0.0,0.2809999999999988
2025-05-21,62.8,62.879,62.47,62.509,1233,55.69377,Up,Up,1,0.03900000000000148,0.0
2025-05-21,62.5,62.589,62.399,62.548,1225,55.73897,Up,Up,1,0.22999999999999687,0.0
2025-05-21,62.549,62.968,62.538,62.778,1365,55.795704,Up,Down,0,0.0,0.3119999999999976
2025-05-21,62.787,62.817,62.366,62.466,2092,55.851353,Up,Down,0,0.0,0.5679999999999978
2025-05-21,62.476,62.537,61.888,61.898,3264,55.905945,Up,Down,0,0.0,0.18900000000000006
2025-05-21,61.888,62.067,61.589,61.709,2828,55.966137,Up,Up,1,0.18900000000000006,0.0
2025-05-21,61.699,61.927,61.23,61.898,2490,56.0144,Up,Down,0,0.0,0.3100000000000023
2025-05-21,61.897,62.057,61.368,61.588,2818,56.039864,Up,Down,0,0.0,0.11999999999999744
2025-05-21,61.598,61.608,61.369,61.468,1854,56.028862,Down,Down,1,0.1910000000000025,0.0
2025-05-21,61.468,61.558,61.257,61.277,931,55.994793,Down,Up,0,0.0,0.009000000000000341
2025-05-21,61.286,61.337,61.247,61.286,259,55.963177,Down,Down,1,0.05100000000000193,0.0
2025-05-21,61.256,61.287,61.146,61.235,373,55.935276,Down,Up,0,0.0,0.04999999999999716
2025-05-21,61.236,61.345,61.216,61.285,185,55.919018,Down,Down,1,0.08099999999999596,0.0
2025-05-22,61.295,61.345,61.134,61.204,771,55.91821,Down,Up,0,0.0,0.11899999999999977
2025-05-22,61.194,61.334,61.104,61.323,1384,55.94655,Up,Up,1,0.1390000000000029,0.0
2025-05-22,61.323,61.492,61.323,61.462,766,55.991257,Up,Up,1,0.01899999999999835,0.0
2025-05-22,61.462,61.582,61.431,61.481,533,56.05134,Up,Up,1,0.11899999999999977,0.0
2025-05-22,61.491,61.619,61.481,61.6,298,56.11741,Up,Up,1,0.07799999999999585,0.0
2025-05-22,61.609,61.679,61.578,61.678,457,56.185787,Up,Down,0,0.0,1.1679999999999993
2025-05-22,61.679,61.689,60.44,60.51,2932,56.223003,Up,Up,1,0.39800000000000324,0.0
2025-05-22,60.52,60.948,60.32,60.908,2875,56.253235,Up,Down,0,0.0,0.14000000000000057
2025-05-22,60.909,61.106,60.757,60.768,2140,56.284687,Up,Down,0,0.0,0.15100000000000335
2025-05-22,60.777,60.887,60.548,60.617,1926,56.31828,Up,Down,0,0.0,0.3879999999999981
2025-05-22,60.616,60.686,60.229,60.229,2001,56.334675,Up,Up,1,0.1769999999999996,0.0
2025-05-22,60.239,60.616,60.189,60.406,1737,56.344814,Up,Up,1,0.03900000000000148,0.0
2025-05-22,60.415,60.685,60.396,60.445,1908,56.351402,Up,Up,1,0.05100000000000193,0.0
2025-05-22,60.456,60.845,60.427,60.496,3039,56.355343,Up,Up,1,0.28000000000000114,0.0
2025-05-22,60.506,61.063,60.327,60.776,3182,56.4073,Up,Down,0,0.0,0.17300000000000182
2025-05-22,60.786,61.082,60.554,60.603,2176,56.574734,Up,Up,1,0.5349999999999966,0.0
2025-05-22,60.622,61.189,60.603,61.138,1604,56.706375,Up,Down,0,0.0,0.06799999999999784
2025-05-22,61.148,61.199,60.859,61.07,1353,56.7986,Up,Up,1,0.0379999999999967,0.0
2025-05-22,61.079,61.207,60.96,61.108,1181,56.879986,Up,Down,0,0.0,0.27999999999999403
2025-05-22,61.127,61.217,60.799,60.828,607,56.888332,Up,Down,0,0.0,0.09100000000000108
2025-05-22,60.837,60.837,60.65,60.737,456,56.828316,Down,Down,1,0.03999999999999915,0.0
2025-05-22,60.717,60.837,60.688,60.697,219,56.720615,Down,Up,0,0.0,0.01899999999999835
2025-05-22,60.698,60.716,60.656,60.716,185,56.57799,Down,Up,0,0.0,0.09899999999999665
2025-05-23,60.706,60.844,60.656,60.815,599,56.412197,Down,Down,1,0.07099999999999795,0.0
2025-05-23,60.805,60.885,60.705,60.744,805,56.26985,Down,Down,1,0.10999999999999943,0.0
2025-05-23,60.744,60.775,60.584,60.634,697,56.14196,Down,Up,0,0.0,0.07900000000000063
2025-05-23,60.634,60.784,60.634,60.713,482,56.033062,Down,Down,1,0.012000000000000455,0.0
2025-05-23,60.704,60.842,60.672,60.701,400,55.9419,Down,Up,0,0.0,0.060000000000002274
2025-05-23,60.691,60.872,60.642,60.761,634,55.864532,Down,Down,1,0.1700000000000017,0.0
2025-05-23,60.752,60.811,60.57,60.591,1355,55.795467,Down,Up,0,0.0,0.08899999999999864
2025-05-23,60.591,60.781,60.49,60.68,1773,55.79551,Up,Down,0,0.0,0.012000000000000455
2025-05-23,60.67,60.799,60.588,60.668,1992,55.779778,Down,Up,0,0.0,0.4269999999999996
2025-05-23,60.658,61.116,60.648,61.095,1965,55.766808,Down,Up,0,0.0,0.13000000000000256
2025-05-23,61.105,61.243,61.005,61.225,1193,55.74725,Down,Down,1,0.8689999999999998,0.0
2025-05-23,61.225,61.315,60.137,60.356,3672,55.721436,Down,Down,1,0.0040000000000048885,0.0
2025-05-23,60.366,60.625,59.967,60.352,4638,55.69061,Down,Up,0,0.0,0.6960000000000051
2025-05-23,60.332,61.118,60.181,61.048,4815,55.67466,Down,Up,0,0.0,0.32799999999999585
2025-05-23,61.057,61.784,61.057,61.376,4335,55.660572,Down,Up,0,0.0,0.14800000000000324
2025-05-23,61.365,61.741,61.255,61.524,3202,55.640804,Down,Down,1,0.2259999999999991,0.0
2025-05-23,61.525,61.605,61.179,61.298,2564,55.638035,Down,Up,0,0.0,0.15699999999999648
2025-05-23,61.298,61.626,61.257,61.455,1813,55.6562,Up,Up,1,0.14099999999999824,0.0
2025-05-23,61.456,61.615,61.326,61.596,1748,55.67039,Up,Down,0,0.0,0.04999999999999716
2025-05-23,61.595,61.666,61.475,61.546,713,55.69452,Up,Up,1,0.1180000000000021,0.0
2025-05-23,61.537,61.664,61.446,61.664,456,55.718605,Up,Up,1,0.16799999999999926,0.0
2025-05-25,61.649,61.924,61.454,61.832,1268,55.77172,Up,Down,0,0.0,0.03999999999999915
2025-05-25,61.833,62.008,61.792,61.792,528,55.926292,Up,Down,0,0.0,0.1700000000000017
2025-05-26,61.791,61.883,61.613,61.622,890,55.935013,Up,Down,0,0.0,0.03999999999999915
2025-05-26,61.612,61.71,61.442,61.582,1664,55.856224,Down,Down,1,0.18200000000000216,0.0
2025-05-26,61.59,61.61,61.372,61.4,1101,55.706627,Down,Up,0,0.0,0.1490000000000009
2025-05-26,61.392,61.629,61.389,61.549,859,55.54076,Down,Up,0,0.0,0.07900000000000063
2025-05-26,61.55,61.659,61.548,61.628,316,55.38786,Down,Down,1,0.020000000000003126,0.0
2025-05-26,61.629,61.679,61.558,61.608,952,55.26235,Down,Down,1,0.01099999999999568,0.0
2025-05-26,61.598,61.625,61.486,61.597,1199,55.164253,Down,Up,0,0.0,0.07799999999999585
2025-05-26,61.586,61.705,61.416,61.675,1541,55.087776,Down,Up,0,0.0,0.007000000000005002
2025-05-26,61.68,61.871,61.582,61.682,1651,55.02954,Down,Down,1,0.240000000000002,0.0
2025-05-26,61.692,61.782,61.382,61.442,1264,54.98224,Down,Down,1,0.27900000000000347,0.0
2025-05-26,61.432,61.461,61.153,61.163,1175,54.935802,Down,Up,0,0.0,0.1280000000000001
2025-05-26,61.162,61.313,61.162,61.291,1026,54.893787,Down,Up,0,0.0,0.04200000000000159
2025-05-26,61.292,61.452,61.252,61.333,990,54.858303,Down,Down,1,0.19299999999999784,0.0
2025-05-26,61.332,61.4,61.12,61.14,1467,54.824944,Down,Up,0,0.0,0.03999999999999915
2025-05-26,61.141,61.259,61.1,61.18,1200,54.94849,Up,Up,1,0.29699999999999704,0.0
2025-05-26,61.189,61.5,61.189,61.477,1330,55.060684,Up,Down,0,0.0,0.14099999999999824
2025-05-26,61.486,61.497,61.305,61.336,831,55.103935,Up,Up,1,0.04800000000000182,0.0
2025-05-26,61.336,61.421,61.305,61.384,407,55.074554,Down,Down,1,0.0009999999999976694,0.0
2025-05-26,61.382,61.403,61.362,61.383,94,54.98156,Down,Down,1,0.08400000000000318,0.0
2025-05-26,61.395,61.416,61.248,61.299,258,54.833847,Down,Up,0,0.0,0.01899999999999835
2025-05-26,61.29,61.327,61.26,61.318,125,54.635693,Down,Up,0,0.0,0.2190000000000012
2025-05-27,61.314,61.556,61.199,61.537,590,54.387005,Down,Down,1,0.3290000000000006,0.0
2025-05-27,61.538,61.576,61.149,61.208,1117,54.158928,Down,Down,1,0.01999999999999602,0.0
2025-05-27,61.198,61.217,61.057,61.188,821,53.916676,Down,Down,1,0.02300000000000324,0.0
2025-05-27,61.187,61.218,61.086,61.165,694,53.69789,Down,Down,1,0.08099999999999596,0.0
2025-05-27,61.165,61.204,61.074,61.084,336,53.56266,Down,Up,0,0.0,0.05999999999999517
2025-05-27,61.075,61.211,60.923,61.144,1299,53.447865,Down,Up,0,0.0,0.23900000000000432
2025-05-27,61.154,61.543,61.143,61.383,1427,53.36027,Down,Down,1,0.32200000000000273,0.0
2025-05-27,61.382,61.383,61.034,61.061,1835,53.28837,Down,Up,0,0.0,0.36999999999999744
2025-05-27,61.056,61.477,61.056,61.431,2423,53.242104,Down,Up,0,0.0,0.05600000000000449
2025-05-27,61.441,61.715,61.419,61.487,1707,53.2245,Down,Down,1,0.267000000000003,0.0
2025-05-27,61.486,61.557,61.219,61.22,1419,53.224266,Down,Down,1,0.1980000000000004,0.0
2025-05-27,61.214,61.329,61.001,61.022,1322,53.23154,Up,Up,1,0.1039999999999992,0.0
2025-05-27,61.014,61.404,60.839,61.126,3316,53.26839,Up,Down,0,0.0,0.18099999999999739
2025-05-27,61.117,61.223,60.627,60.945,4321,53.28846,Up,Down,0,0.0,0.5700000000000003
2025-05-27,60.954,60.995,60.299,60.375,3391,53.243534,Down,Down,1,0.07200000000000273,0.0
2025-05-27,60.393,60.527,60.127,60.303,3208,53.22247,Down,Up,0,0.0,0.277000000000001
2025-05-27,60.295,60.7,60.295,60.58,1948,53.23553,Up,Down,0,0.0,0.027999999999998693
2025-05-27,60.57,60.61,60.377,60.552,1425,53.274418,Up,Up,1,0.2150000000000034,0.0
2025-05-27,60.553,60.807,60.552,60.767,1675,53.35753,Up,Up,1,0.06099999999999994,0.0
2025-05-27,60.766,60.828,60.757,60.828,455,53.458218,Up,Up,1,0.07899999999999352,0.0
2025-05-27,60.827,60.995,60.827,60.907,443,53.568165,Up,Up,1,0.07900000000000063,0.0
2025-05-27,60.915,61.004,60.905,60.986,186,53.6823,Up,Up,1,0.07700000000000529,0.0
2025-05-27,60.986,61.084,60.943,61.063,203,53.798943,Up,Up,1,0.11499999999999488,0.0
2025-05-28,61.056,61.258,61.032,61.178,559,53.90435,Up,Down,0,0.0,0.14999999999999858
2025-05-28,61.18,61.247,60.998,61.028,1108,54.03783,Up,Up,1,0.1110000000000042,0.0
2025-05-28,61.029,61.159,60.988,61.139,666,54.19214,Up,Down,0,0.0,0.15900000000000603
2025-05-28,61.13,61.158,60.941,60.98,666,54.347233,Up,Up,1,0.04000000000000625,0.0
2025-05-28,60.982,61.099,60.98,61.02,517,54.495953,Up,Down,0,0.0,0.060000000000002274
2025-05-28,61.018,61.108,60.938,60.96,821,54.6335,Up,Down,0,0.0,0.19299999999999784
2025-05-28,60.969,60.979,60.68,60.767,1273,54.750896,Up,Up,1,0.41499999999999915,0.0
2025-05-28,60.775,61.213,60.775,61.182,1556,54.86004,Up,Down,0,0.0,0.3270000000000053
2025-05-28,61.188,61.203,60.745,60.855,2093,54.950535,Up,Up,1,0.2980000000000018,0.0
2025-05-28,60.854,61.259,60.794,61.153,1475,55.0303,Up,Up,1,0.17099999999999937,0.0
2025-05-28,61.155,61.422,61.123,61.324,1386,55.105022,Up,Down,0,0.0,0.08099999999999596
2025-05-28,61.322,61.382,61.173,61.243,1249,55.259796,Up,Up,1,0.3609999999999971,0.0
2025-05-28,61.236,61.605,61.216,61.604,1664,55.26446,Up,Up,1,0.008000000000002672,0.0
2025-05-28,61.605,61.878,61.533,61.612,3245,55.265465,Up,Down,0,0.0,0.12100000000000222
2025-05-28,61.619,61.756,61.413,61.491,2679,55.262455,Down,Up,0,0.0,0.6510000000000034
2025-05-28,61.492,62.33,61.461,62.142,3526,55.23113,Down,Down,1,0.13100000000000023,0.0
2025-05-28,62.15,62.182,61.717,62.011,3217,55.209904,Down,Down,1,0.24200000000000443,0.0
2025-05-28,62.012,62.061,61.65,61.769,1615,55.21954,Up,Down,0,0.0,0.37999999999999545
2025-05-28,61.77,61.898,61.341,61.389,1807,55.242176,Up,Down,0,0.0,0.02200000000000557
2025-05-28,61.388,61.389,61.297,61.367,793,55.3017,Up,Up,1,0.2920000000000016,0.0
2025-05-28,61.377,61.7,61.347,61.659,956,55.372955,Up,Up,1,0.15899999999999892,0.0
2025-05-28,61.626,61.846,61.613,61.818,288,55.453983,Up,Up,1,0.21399999999999864,0.0
2025-05-28,61.808,62.255,61.806,62.032,932,55.547577,Up,Up,1,0.3100000000000023,0.0
2025-05-29,62.035,62.345,61.955,62.342,1571,55.646996,Up,Up,1,0.10200000000000387,0.0
2025-05-29,62.351,62.494,62.212,62.444,2302,55.787327,Up,Up,1,0.022999999999996135,0.0
2025-05-29,62.453,62.498,62.369,62.467,1086,55.937916,Up,Down,0,0.0,0.027000000000001023
2025-05-29,62.469,62.499,62.359,62.44,950,56.09363,Up,Up,1,0.10699999999999932,0.0
2025-05-29,62.438,62.556,62.368,62.547,470,56.25018,Up,Up,1,0.15800000000000125,0.0
2025-05-29,62.547,62.722,62.517,62.705,865,56.404083,Up,Up,1,0.01899999999999835,0.0
2025-05-29,62.703,62.784,62.534,62.724,1147,56.549137,Up,Up,1,0.06700000000000017,0.0
2025-05-29,62.715,62.851,62.588,62.791,1921,56.683735,Up,Down,0,0.0,0.44899999999999807
2025-05-29,62.793,62.813,62.255,62.342,2210,56.81777,Up,Up,1,0.1910000000000025,0.0
2025-05-29,62.343,62.547,62.3,62.533,1582,56.9293,Up,Down,0,0.0,0.7629999999999981
2025-05-29,62.543,62.543,61.672,61.77,1856,57.096413,Up,Up,1,0.04099999999999682,0.0
2025-05-29,61.777,62.008,61.762,61.811,1550,57.23424,Up,Down,0,0.0,0.40400000000000347
2025-05-29,61.792,61.901,61.31,61.407,2912,57.317684,Up,Down,0,0.0,0.6199999999999974
2025-05-29,61.4,61.527,60.738,60.787,4043,57.26133,Down,Up,0,0.0,0.11299999999999955
2025-05-29,60.785,61.019,60.338,60.9,4543,57.16735,Down,Down,1,0.0519999999999996,0.0
2025-05-29,60.907,60.999,60.67,60.848,3628,57.072334,Down,Down,1,0.14099999999999824,0.0
2025-05-29,60.924,61.039,60.679,60.707,2746,56.96789,Down,Down,1,0.1110000000000042,0.0
2025-05-29,60.706,60.816,60.588,60.596,1638,56.8446,Down,Up,0,0.0,0.08800000000000097
2025-05-29,60.609,60.749,60.567,60.684,1599,56.73977,Down,Down,1,0.03499999999999659,0.0
2025-05-29,60.692,60.735,60.623,60.649,847,56.656544,Down,Up,0,0.0,0.018000000000000682
2025-05-29,60.648,60.715,60.625,60.667,461,56.59464,Down,Down,1,0.04200000000000159,0.0
2025-05-29,60.614,60.705,60.594,60.625,325,56.556232,Down,Down,1,0.036000000000001364,0.0
2025-05-29,60.633,60.645,60.559,60.589,184,56.53112,Down,Down,1,0.0730000000000004,0.0
2025-05-30,60.59,60.705,60.449,60.516,747,56.51537,Down,Down,1,0.04899999999999949,0.0
2025-05-30,60.519,60.528,60.254,60.467,1654,56.530422,Up,Down,0,0.0,0.021000000000000796
2025-05-30,60.46,60.496,60.304,60.446,1092,56.561928,Up,Down,0,0.0,0.04299999999999926
2025-05-30,60.444,60.446,60.313,60.403,809,56.607513,Up,Up,1,0.03900000000000148,0.0
2025-05-30,60.405,60.452,60.352,60.442,335,56.66661,Up,Up,1,0.0589999999999975,0.0
2025-05-30,60.435,60.553,60.434,60.501,942,56.731686,Up,Down,0,0.0,0.08099999999999596
2025-05-30,60.503,60.507,60.321,60.42,1351,56.794964,Up,Up,1,0.36599999999999966,0.0
2025-05-30,60.422,60.891,60.323,60.786,2127,56.863728,Up,Up,1,0.22699999999999676,0.0
2025-05-30,60.794,61.035,60.757,61.013,2327,56.93563,Up,Up,1,0.011000000000002785,0.0
2025-05-30,61.005,61.148,60.962,61.024,1531,57.016846,Up,Up,1,0.2119999999999962,0.0
2025-05-30,61.02,61.263,61.02,61.236,1015,57.09552,Up,Down,0,0.0,0.5559999999999974
2025-05-30,61.244,61.435,60.47,60.68,1913,57.239502,Up,Down,0,0.0,0.722999999999999
2025-05-30,60.67,60.757,59.721,59.957,6691,57.310448,Up,Up,1,0.03300000000000125,0.0
2025-05-30,59.965,60.661,59.871,59.99,5199,57.414913,Up,Up,1,0.2819999999999965,0.0
2025-05-30,59.989,60.442,59.92,60.272,4683,57.48978,Up,Down,0,0.0,0.3609999999999971
2025-05-30,60.297,60.52,59.796,59.911,4122,57.49982,Up,Up,1,0.030000000000001137,0.0
2025-05-30,59.917,60.084,59.546,59.941,3684,57.46546,Down,Up,0,0.0,0.2740000000000009
2025-05-30,59.936,60.451,59.904,60.215,3300,57.414448,Down,Up,0,0.0,0.1280000000000001
2025-05-30,60.217,60.6,60.207,60.343,2668,57.347504,Down,Up,0,0.0,0.12699999999999534
2025-05-30,60.347,60.533,60.241,60.47,1485,57.26715,Down,Down,1,0.10600000000000165,0.0
2025-05-30,60.462,60.548,60.339,60.364,915,57.18272,Down,Up,0,0.0,1.0670000000000002
2025-06-01,60.775,61.809,60.775,61.431,2315,57.394913,Up,Up,1,0.11400000000000432,0.0
2025-06-01,61.441,61.579,61.369,61.545,738,57.31854,Down,Up,0,0.0,0.18199999999999505
2025-06-02,61.545,61.739,61.483,61.727,1200,56.784084,Down,Up,0,0.0,0.13400000000000034
2025-06-02,61.717,62.01,61.657,61.861,915,56.125237,Down,Up,0,0.0,0.2920000000000016
2025-06-02,61.869,62.181,61.859,62.153,971,55.379063,Down,Down,1,0.23100000000000165,0.0
2025-06-02,62.161,62.189,61.797,61.922,1431,54.68061,Down,Up,0,0.0,0.010000000000005116
2025-06-02,61.928,62.111,61.9,61.932,762,54.082203,Down,Up,0,0.0,0.056999999999995055
2025-06-02,61.932,62.037,61.916,61.989,824,53.600124,Down,Up,0,0.0,0.014000000000002899
2025-06-02,61.995,62.094,61.789,62.003,1502,53.232166,Down,Down,1,0.060000000000002274,0.0
2025-06-02,61.998,62.155,61.775,61.943,3430,52.968845,Down,Up,0,0.0,0.4160000000000039
2025-06-02,61.945,62.418,61.94,62.359,3342,52.789295,Down,Up,0,0.0,0.232999999999997
2025-06-02,62.357,62.594,62.141,62.592,2341,52.690166,Down,Up,0,0.0,0.2710000000000008
2025-06-02,62.594,62.875,62.398,62.863,2393,52.669147,Down,Down,1,0.054000000000002046,0.0
2025-06-02,62.857,62.899,62.704,62.809,1693,52.72073,Up,Up,1,0.22400000000000375,0.0
2025-06-02,62.819,63.237,62.819,63.033,2645,52.82898,Up,Down,0,0.0,0.8640000000000043
2025-06-02,63.039,63.34,62.143,62.169,5182,52.976883,Up,Up,1,0.16400000000000148,0.0
2025-06-02,62.158,62.47,61.99,62.333,4794,53.13596,Up,Up,1,0.07100000000000506,0.0
2025-06-02,62.338,62.518,62.001,62.404,3474,53.319393,Up,Up,1,0.23099999999999454,0.0
2025-06-02,62.396,62.74,62.283,62.635,1993,53.520943,Up,Down,0,0.0,0.16400000000000148
2025-06-02,62.638,62.655,62.293,62.471,1517,53.72292,Up,Down,0,0.0,0.09599999999999653
2025-06-02,62.488,62.531,61.755,62.375,3606,53.933907,Up,Up,1,0.18200000000000216,0.0
2025-06-02,62.387,62.561,62.377,62.557,772,54.14431,Up,Down,0,0.0,0.016000000000005343
2025-06-02,62.551,62.715,62.532,62.541,638,54.337357,Up,Up,1,0.08100000000000307,0.0
2025-06-02,62.513,62.748,62.495,62.622,505,54.50768,Up,Down,0,0.0,0.015999999999998238
2025-06-02,62.622,62.654,62.553,62.606,294,54.791767,Up,Down,0,0.0,0.1490000000000009
2025-06-03,62.61,62.698,62.439,62.457,667,54.930058,Up,Up,1,0.06700000000000017,0.0
2025-06-03,62.449,62.764,62.401,62.524,2860,55.02634,Up,Down,0,0.0,0.06499999999999773
2025-06-03,62.533,62.608,62.38,62.459,1248,55.086514,Up,Down,0,0.0,0.08600000000000563
2025-06-03,62.469,62.532,62.356,62.373,745,55.06679,Down,Down,1,0.06899999999999551,0.0
2025-06-03,62.376,62.405,62.275,62.304,372,54.96546,Down,Down,1,0.07600000000000051,0.0
2025-06-03,62.307,62.348,62.206,62.228,810,54.804996,Down,Up,0,0.0,0.1039999999999992
2025-06-03,62.227,62.399,62.167,62.332,1260,54.60314,Down,Up,0,0.0,0.22800000000000153
2025-06-03,62.334,62.696,62.231,62.56,1917,54.37532,Down,Down,1,0.3330000000000055,0.0
2025-06-03,62.571,62.622,62.197,62.227,2509,54.12654,Down,Down,1,0.1839999999999975,0.0
2025-06-03,62.237,62.387,62.033,62.043,1655,53.874424,Down,Up,0,0.0,0.2530000000000001
2025-06-03,62.051,62.316,61.94,62.296,1610,53.609898,Down,Up,0,0.0,0.2809999999999988
2025-06-03,62.304,62.577,62.259,62.577,1325,53.35096,Down,Up,0,0.0,0.08299999999999841
2025-06-03,62.572,62.954,62.56,62.66,2432,53.10725,Down,Down,1,0.056999999999995055,0.0
2025-06-03,62.676,62.758,62.378,62.603,4033,52.87246,Down,Up,0,0.0,0.6109999999999971
2025-06-03,62.611,63.284,62.611,63.214,3785,52.66117,Down,Down,1,0.04099999999999682,0.0
2025-06-03,63.219,63.363,63.077,63.173,3129,52.480732,Down,Down,1,0.02499999999999858,0.0
2025-06-03,63.167,63.185,62.973,63.148,1901,52.32198,Down,Down,1,0.10400000000000631,0.0
2025-06-03,63.145,63.297,62.796,63.044,1934,52.186707,Down,Down,1,0.013999999999995794,0.0
2025-06-03,63.046,63.152,62.898,63.03,1911,52.07177,Down,Down,1,0.14699999999999847,0.0
2025-06-03,63.027,63.11,62.871,62.883,695,51.97765,Down,Up,0,0.0,0.009000000000000341
2025-06-03,62.876,62.973,62.861,62.892,554,51.906605,Down,Up,0,0.0,0.017999999999993577
2025-06-03,62.906,62.98,62.89,62.91,232,51.858124,Down,Down,1,0.10099999999999909,0.0
2025-06-03,62.9,62.944,62.719,62.809,310,51.825905,Down,Down,1,0.02400000000000091,0.0
2025-06-04,62.836,62.879,62.748,62.785,682,51.83161,Up,Up,1,0.08600000000000563,0.0
2025-06-04,62.777,62.914,62.762,62.871,1020,51.92549,Up,Down,0,0.0,0.13600000000000279
2025-06-04,62.879,62.881,62.72,62.735,682,52.036194,Up,Down,0,0.0,0.030999999999998806
2025-06-04,62.725,62.747,62.677,62.704,476,52.15087,Up,Down,0,0.0,0.03399999999999892
2025-06-04,62.706,62.751,62.648,62.67,345,52.260532,Up,Up,1,0.009000000000000341,0.0
2025-06-04,62.667,62.699,62.607,62.679,503,52.360874,Up,Up,1,0.04399999999999693,0.0
2025-06-04,62.686,62.866,62.683,62.723,1108,52.451958,Up,Up,1,0.19299999999999784,0.0
2025-06-04,62.733,62.962,62.662,62.916,1163,52.535496,Up,Down,0,0.0,0.12399999999999523
2025-06-04,62.924,63.083,62.763,62.792,1704,52.61689,Up,Up,1,0.41899999999999693,0.0
2025-06-04,62.78,63.236,62.6,63.211,1633,52.70185,Up,Down,0,0.0,0.20299999999999585
2025-06-04,63.209,63.246,62.898,63.008,1244,52.787052,Up,Down,0,0.0,0.0519999999999996
2025-06-04,62.998,63.0,62.832,62.956,1167,52.929043,Up,Down,0,0.0,0.39100000000000534
2025-06-04,62.959,63.024,62.413,62.565,2436,53.149204,Up,Up,1,0.6110000000000042,0.0
2025-06-04,62.575,63.316,62.505,63.176,4330,53.333485,Up,Down,0,0.0,0.4340000000000046
2025-06-04,63.164,63.416,62.715,62.742,5971,53.479847,Up,Down,0,0.0,0.6109999999999971
2025-06-04,62.735,62.947,61.692,62.131,7110,53.43691,Down,Down,1,0.011000000000002785,0.0
2025-06-04,62.123,62.335,61.988,62.12,3304,53.411102,Down,Up,0,0.0,0.04899999999999949
2025-06-04,62.122,62.254,62.084,62.169,1947,53.4194,Up,Up,1,0.26300000000000523,0.0
2025-06-04,62.171,62.553,62.124,62.432,1766,53.467587,Up,Down,0,0.0,0.12100000000000222
2025-06-04,62.422,62.432,62.276,62.311,646,53.548283,Up,Down,0,0.0,0.06799999999999784
2025-06-04,62.309,62.309,62.158,62.243,463,53.655197,Up,Down,0,0.0,0.08300000000000551
2025-06-04,62.236,62.256,62.123,62.16,261,53.78359,Up,Down,0,0.0,0.015999999999998238
2025-06-04,62.163,62.17,62.097,62.144,151,53.934002,Up,Down,0,0.0,0.0009999999999976694
2025-06-05,62.141,62.206,62.043,62.143,421,54.0976,Up,Up,1,0.12899999999999778,0.0
2025-06-05,62.145,62.314,62.063,62.272,900,54.28631,Up,Down,0,0.0,0.09700000000000131
2025-06-05,62.271,62.299,62.133,62.175,422,54.48525,Up,Down,0,0.0,0.0730000000000004
2025-06-05,62.178,62.182,62.099,62.102,418,54.673145,Up,Up,1,0.018000000000000682,0.0
2025-06-05,62.104,62.12,62.022,62.12,207,54.849068,Up,Up,1,0.06400000000000006,0.0
2025-06-05,62.113,62.249,62.058,62.184,459,55.013058,Up,Up,1,0.1910000000000025,0.0
2025-06-05,62.179,62.4,62.146,62.375,831,55.162945,Up,Up,1,0.1559999999999988,0.0
2025-06-05,62.375,62.652,62.365,62.531,1298,55.303238,Up,Up,1,0.03399999999999892,0.0
2025-06-05,62.534,62.613,62.328,62.565,1834,55.42494,Up,Down,0,0.0,0.04899999999999949
2025-06-05,62.56,62.607,62.33,62.516,1646,55.528458,Up,Up,1,0.1559999999999988,0.0
2025-06-05,62.519,62.725,62.469,62.672,1137,55.618237,Up,Down,0,0.0,0.11399999999999721
2025-06-05,62.675,62.675,62.4,62.558,1264,55.691578,Up,Up,1,0.5579999999999998,0.0
2025-06-05,62.551,63.136,62.541,63.116,2229,55.76271,Up,Up,1,0.13400000000000034,0.0
2025-06-05,63.123,63.43,63.097,63.25,4155,55.837685,Up,Down,0,0.0,0.036999999999999034
2025-06-05,63.254,63.388,63.035,63.213,3838,55.922455,Up,Down,0,0.0,0.21699999999999875
2025-06-05,63.233,63.327,62.868,62.996,3200,55.99001,Up,Down,0,0.0,0.21699999999999875
2025-06-05,62.993,63.021,62.739,62.779,2315,56.03725,Up,Up,1,0.11699999999999733,0.0
2025-06-05,62.772,62.909,62.714,62.896,1458,56.041687,Up,Up,1,0.0009999999999976694,0.0
2025-06-05,62.899,62.932,62.77,62.897,1459,56.04386,Up,Down,0,0.0,0.06799999999999784
2025-06-05,62.894,62.936,62.778,62.829,890,56.041454,Down,Down,1,0.08299999999999841,0.0
2025-06-05,62.835,62.892,62.717,62.746,524,56.03476,Down,Down,1,0.10900000000000176,0.0
2025-06-05,62.715,62.719,62.627,62.637,214,56.02385,Down,Up,0,0.0,0.0730000000000004
2025-06-05,62.627,62.754,62.614,62.71,235,56.01302,Down,Up,0,0.0,0.06900000000000261
2025-06-06,62.713,62.794,62.657,62.779,448,56.003796,Down,Down,1,0.10300000000000153,0.0
2025-06-06,62.774,62.796,62.673,62.676,783,56.007473,Up,Down,0,0.0,0.06900000000000261
2025-06-06,62.683,62.703,62.603,62.607,573,56.017963,Up,Up,1,0.08599999999999852,0.0
2025-06-06,62.604,62.711,62.594,62.693,469,56.030636,Up,Down,0,0.0,0.027999999999998693
2025-06-06,62.683,62.71,62.64,62.665,332,56.041775,Up,Down,0,0.0,0.0940000000000012
2025-06-06,62.668,62.675,62.511,62.571,556,56.046585,Up,Up,1,0.11899999999999977,0.0
2025-06-06,62.564,62.793,62.491,62.69,912,56.057293,Up,Down,0,0.0,0.23799999999999955
2025-06-06,62.685,62.685,62.31,62.452,1715,56.10329,Up,Up,1,0.16400000000000148,0.0
2025-06-06,62.452,62.679,62.415,62.616,1904,56.16097,Up,Up,1,0.08100000000000307,0.0
2025-06-06,62.608,62.7,62.451,62.697,1515,56.19298,Up,Up,1,0.20599999999999596,0.0
2025-06-06,62.704,62.944,62.657,62.903,1250,56.205452,Up,Down,0,0.0,0.14099999999999824
2025-06-06,62.898,62.913,62.75,62.762,1015,56.19309,Down,Up,0,0.0,0.36299999999999955
2025-06-06,62.756,63.155,62.672,63.125,1941,56.165558,Down,Up,0,0.0,0.8459999999999965
2025-06-06,63.128,64.153,62.988,63.971,4612,56.14847,Down,Down,1,0.0519999999999996,0.0
2025-06-06,63.969,64.102,63.494,63.919,4133,56.13011,Down,Up,0,0.0,0.17100000000000648
2025-06-06,63.922,64.115,63.685,64.09,3230,56.11154,Down,Down,1,0.09100000000000108,0.0
2025-06-06,64.087,64.208,63.974,63.999,1690,56.0928,Down,Down,1,0.1180000000000021,0.0
2025-06-06,63.999,64.019,63.856,63.881,1377,56.06465,Down,Up,0,0.0,0.28600000000000136
2025-06-06,63.878,64.205,63.79,64.167,1661,56.038147,Down,Down,1,0.10300000000000864,0.0
2025-06-06,64.169,64.192,64.044,64.064,634,56.01118,Down,Up,0,0.0,0.15400000000001057
2025-06-06,64.067,64.228,64.051,64.218,428,55.98611,Down,Down,1,0.1869999999999976,0.0
2025-06-08,64.155,64.193,63.927,64.031,625,55.98491,Down,Down,1,0.03900000000000858,0.0
2025-06-08,64.025,64.103,63.943,63.992,381,56.00021,Up,Down,0,0.0,0.07799999999999585
2025-06-09,63.986,64.016,63.891,63.914,581,55.88391,Down,Up,0,0.0,0.022999999999996135
2025-06-09,63.908,63.981,63.86,63.937,1198,55.803814,Down,Down,1,0.027999999999998693,0.0
2025-06-09,63.937,63.98,63.886,63.909,683,55.731697,Down,Up,0,0.0,0.015000000000000568
2025-06-09,63.912,63.978,63.831,63.924,496,55.676926,Down,Down,1,0.030999999999998806,0.0
2025-06-09,63.921,63.961,63.863,63.893,357,55.63118,Down,Up,0,0.0,0.009000000000000341
2025-06-09,63.899,63.955,63.858,63.902,608,55.59044,Down,Down,1,0.142000000000003,0.0
2025-06-09,63.912,63.912,63.754,63.76,1010,55.546246,Down,Up,0,0.0,0.04200000000000159
2025-06-09,63.77,63.822,63.566,63.802,1444,55.496803,Down,Up,0,0.0,0.19200000000000017
2025-06-09,63.816,64.068,63.705,63.994,2018,55.45326,Down,Up,0,0.0,0.07200000000000273
2025-06-09,63.991,64.136,63.92,64.066,1230,55.451763,Down,Up,0,0.0,0.0759999999999934
2025-06-09,64.061,64.266,64.033,64.142,1129,55.4617,Up,Up,1,0.14800000000001035,0.0
2025-06-09,64.139,64.381,64.072,64.29,1158,55.46153,Down,Down,1,0.007000000000005002,0.0
2025-06-09,64.294,64.46,64.247,64.283,1377,55.442623,Down,Down,1,0.42200000000000415,0.0
2025-06-09,64.289,64.293,63.722,63.861,3059,55.47724,Up,Up,1,0.497000000000007,0.0
2025-06-09,63.868,64.358,63.836,64.358,2323,55.59396,Up,Down,0,0.0,0.012000000000000455
2025-06-09,64.367,64.556,64.239,64.346,2655,55.62761,Up,Down,0,0.0,0.1150000000000091
2025-06-09,64.349,64.349,64.051,64.231,1748,55.58602,Down,Down,1,0.012000000000000455,0.0
2025-06-09,64.227,64.326,64.1,64.219,1192,55.485428,Down,Up,0,0.0,0.39500000000001023
2025-06-09,64.213,64.642,64.199,64.614,1642,55.330154,Down,Down,1,0.06100000000000705,0.0
2025-06-09,64.618,64.674,64.473,64.553,832,55.146626,Down,Up,0,0.0,0.07500000000000284
2025-06-09,64.549,64.665,64.546,64.628,484,54.943066,Down,Down,1,0.04600000000000648,0.0
2025-06-09,64.657,64.657,64.549,64.582,240,54.727276,Down,Up,0,0.0,0.03200000000001069
2025-06-09,64.578,64.621,64.578,64.614,153,54.511528,Down,Up,0,0.0,0.0379999999999967
2025-06-10,64.62,64.696,64.58,64.652,558,54.30125,Down,Up,0,0.0,0.18500000000000227
2025-06-10,64.656,64.858,64.612,64.837,1326,54.127018,Down,Up,0,0.0,0.009000000000000341
2025-06-10,64.834,64.901,64.804,64.846,783,54.045998,Down,Down,1,0.17300000000000182,0.0
2025-06-10,64.843,64.873,64.619,64.673,507,53.98536,Down,Down,1,0.0030000000000001137,0.0
2025-06-10,64.665,64.705,64.638,64.67,251,53.93643,Down,Down,1,0.028000000000005798,0.0
2025-06-10,64.677,64.747,64.56,64.642,1186,53.898067,Down,Down,1,0.06099999999999284,0.0
2025-06-10,64.632,64.771,64.554,64.581,1380,53.868767,Down,Down,1,0.04800000000000182,0.0
2025-06-10,64.581,64.733,64.41,64.533,2109,53.84359,Down,Up,0,0.0,0.1880000000000024
2025-06-10,64.536,64.751,64.466,64.721,2114,53.83395,Down,Down,1,0.06499999999999773,0.0
2025-06-10,64.724,64.883,64.576,64.656,1721,53.84123,Up,Up,1,0.21199999999998909,0.0
2025-06-10,64.659,64.904,64.639,64.868,1218,53.84724,Up,Up,1,0.06500000000001194,0.0
2025-06-10,64.871,64.95,64.751,64.933,1462,53.857616,Up,Down,0,0.0,0.2600000000000051
2025-06-10,64.94,65.009,64.656,64.673,1516,53.871956,Up,Up,1,0.4099999999999966,0.0
2025-06-10,64.682,65.09,64.602,65.083,3029,53.883842,Up,Up,1,0.07900000000000773,0.0
2025-06-10,65.09,65.215,64.907,65.162,2656,53.90793,Up,Down,0,0.0,0.1810000000000116
2025-06-10,65.192,65.428,64.875,64.981,2985,54.0398,Up,Down,0,0.0,0.3849999999999909
2025-06-10,64.981,65.094,64.59,64.596,2164,54.16371,Up,Down,0,0.0,0.14500000000001023
2025-06-10,64.592,64.642,64.348,64.451,2196,54.252182,Up,Down,0,0.0,0.5089999999999932
2025-06-10,64.447,64.497,63.807,63.942,2590,54.24433,Down,Up,0,0.0,0.18499999999999517
2025-06-10,63.936,64.171,63.892,64.127,942,54.232216,Down,Down,1,0.1799999999999926,0.0
2025-06-10,64.117,64.147,63.903,63.947,682,54.221863,Down,Down,1,0.0030000000000001137,0.0
2025-06-10,63.965,64.009,63.878,63.944,285,54.215767,Down,Up,0,0.0,0.054999999999999716
2025-06-10,63.94,64.022,63.906,63.999,337,54.220436,Up,Down,0,0.0,0.06200000000000472
2025-06-11,64.013,64.013,63.829,63.937,600,54.2533,Up,Up,1,0.1389999999999958,0.0
2025-06-11,63.941,64.113,63.927,64.076,1217,54.34104,Up,Down,0,0.0,0.057999999999992724
2025-06-11,64.083,64.09,63.989,64.018,720,54.448704,Up,Up,1,0.14100000000000534,0.0
2025-06-11,64.011,64.16,63.998,64.159,756,54.575207,Up,Down,0,0.0,0.021000000000000796
2025-06-11,64.149,64.173,64.1,64.138,408,54.727615,Up,Up,1,0.10099999999999909,0.0
2025-06-11,64.141,64.263,64.138,64.239,803,54.89834,Up,Down,0,0.0,0.14400000000000546
2025-06-11,64.239,64.306,64.035,64.095,1087,55.08126,Up,Up,1,0.2879999999999967,0.0
2025-06-11,64.098,64.443,64.081,64.383,1614,55.271763,Up,Down,0,0.0,0.05499999999999261
2025-06-11,64.388,64.472,64.241,64.328,2223,55.4636,Up,Up,1,0.5180000000000007,0.0
2025-06-11,64.323,64.876,63.879,64.846,3579,55.66351,Up,Up,1,0.28999999999999204,0.0
2025-06-11,64.842,65.168,64.789,65.136,2484,55.87697,Up,Up,1,0.16200000000000614,0.0
2025-06-11,65.13,65.303,65.007,65.298,1519,56.091316,Up,Up,1,0.18200000000000216,0.0
2025-06-11,65.289,65.597,65.037,65.48,3714,56.302635,Up,Up,1,0.09599999999998943,0.0
2025-06-11,65.483,65.593,65.169,65.576,3614,56.507782,Up,Down,0,0.0,0.17199999999999704
2025-06-11,65.567,65.761,65.298,65.404,3572,56.702763,Up,Up,1,0.45400000000000773,0.0
2025-06-11,65.404,65.913,65.189,65.858,3719,56.891624,Up,Down,0,0.0,0.046999999999997044
2025-06-11,65.851,65.862,65.68,65.811,2059,57.073483,Up,Up,1,0.5499999999999972,0.0
2025-06-11,65.804,66.465,65.718,66.361,2418,57.27542,Up,Up,1,0.7530000000000001,0.0
2025-06-11,66.365,67.419,66.291,67.114,6422,57.506214,Up,Down,0,0.0,0.17200000000001125
2025-06-11,67.116,67.199,66.771,66.942,2853,57.72702,Up,Up,1,0.3960000000000008,0.0
2025-06-11,66.938,67.345,66.863,67.338,1526,57.93482,Up,Up,1,0.6460000000000008,0.0
2025-06-11,67.961,68.022,67.622,67.984,1502,58.15983,Up,Down,0,0.0,0.40500000000000114
2025-06-11,67.976,68.002,67.327,67.579,1086,58.363728,Up,Down,0,0.0,0.3709999999999951
2025-06-12,67.576,67.687,67.157,67.208,2869,58.5289,Up,Down,0,0.0,0.3370000000000033
2025-06-12,67.197,67.29,66.746,66.871,3920,58.67305,Up,Down,0,0.0,0.07099999999999795
2025-06-12,66.869,66.938,66.764,66.8,1335,58.805367,Up,Up,1,0.11700000000000443,0.0
2025-06-12,66.813,66.981,66.661,66.917,1397,58.915726,Up,Up,1,0.02199999999999136,0.0
2025-06-12,66.927,66.982,66.885,66.939,698,59.0124,Up,Down,0,0.0,0.23399999999999466
2025-06-12,66.935,66.975,66.681,66.705,1127,59.080685,Up,Up,1,0.07000000000000739,0.0
2025-06-12,66.701,66.804,66.658,66.775,1849,59.123245,Up,Down,0,0.0,0.34499999999999886
2025-06-12,66.769,66.815,66.324,66.43,2830,59.14642,Up,Up,1,0.16399999999998727,0.0
2025-06-12,66.448,66.677,66.366,66.594,3772,59.1864,Up,Down,0,0.0,0.3859999999999957
2025-06-12,66.591,66.631,66.097,66.208,2850,59.20849,Up,Down,0,0.0,0.06999999999999318
2025-06-12,66.212,66.27,66.048,66.138,2440,59.289913,Up,Down,0,0.0,0.24200000000000443
2025-06-12,66.134,66.21,65.778,65.896,2399,59.39292,Up,Up,1,0.31699999999999307,0.0
2025-06-12,65.886,66.247,65.837,66.213,2935,59.493412,Up,Up,1,0.2850000000000108,0.0
2025-06-12,66.208,66.575,65.953,66.498,5136,59.58102,Up,Up,1,0.15500000000000114,0.0
2025-06-12,66.502,66.827,66.488,66.653,4045,59.634567,Up,Up,1,0.6199999999999903,0.0
2025-06-12,66.665,67.337,66.51,67.273,5989,59.66038,Up,Down,0,0.0,0.17499999999999716
2025-06-12,67.276,67.381,66.689,67.098,4917,59.720985,Up,Up,1,0.12399999999999523,0.0
2025-06-12,67.106,67.277,67.028,67.222,2675,59.73223,Up,Down,0,0.0,0.1769999999999925
2025-06-12,67.242,67.336,66.792,67.045,2710,59.713474,Down,Up,0,0.0,0.060000000000002274
2025-06-12,67.049,67.135,67.009,67.105,841,59.648212,Down,Up,0,0.0,0.6509999999999962
2025-06-12,67.109,67.778,67.075,67.756,1395,59.561142,Down,Down,1,0.31799999999999784,0.0
2025-06-12,67.728,67.756,67.4,67.438,637,59.452007,Down,Up,0,0.0,0.7409999999999997
2025-06-12,67.442,68.373,67.409,68.179,827,59.34231,Down,Up,0,0.0,3.75
2025-06-13,68.204,72.877,67.959,71.929,13116,59.367886,Up,Up,1,0.1629999999999967,0.0
2025-06-13,71.942,72.714,71.309,72.092,10534,59.464066,Up,Up,1,1.902000000000001,0.0
2025-06-13,72.094,75.262,71.972,73.994,12626,59.680103,Up,Down,0,0.0,1.4860000000000042
2025-06-13,73.969,74.208,72.234,72.508,8174,59.905346,Up,Down,0,0.0,0.465999999999994
2025-06-13,72.512,73.596,72.026,72.042,4957,60.12711,Up,Down,0,0.0,0.2530000000000001
2025-06-13,72.043,72.691,71.73,71.789,5307,60.32383,Up,Down,0,0.0,1.1950000000000074
2025-06-13,71.8,72.139,70.527,70.594,8437,60.485264,Up,Down,0,0.0,0.000999999999990564
2025-06-13,70.58,71.087,69.702,70.593,7513,60.603237,Up,Up,1,0.9819999999999993,0.0
2025-06-13,70.594,71.933,70.594,71.575,6039,60.736862,Up,Up,1,0.7639999999999958,0.0
2025-06-13,71.571,72.339,71.035,72.339,5986,60.877827,Up,Up,1,0.006000000000000227,0.0
2025-06-13,72.329,72.959,72.156,72.345,7210,61.038715,Up,Down,0,0.0,0.5579999999999927
2025-06-13,72.333,72.393,71.323,71.787,5445,61.17745,Up,Up,1,0.5879999999999939,0.0
2025-06-13,71.789,72.518,71.713,72.375,5652,61.33152,Up,Down,0,0.0,1.186000000000007
2025-06-13,72.375,72.531,71.095,71.189,8837,61.495792,Up,Down,0,0.0,0.6019999999999897
2025-06-13,71.193,71.886,70.3,70.587,9180,61.644836,Up,Up,1,0.27599999999999625,0.0
2025-06-13,70.585,71.264,70.473,70.863,8064,61.781475,Up,Up,1,0.006000000000000227,0.0
2025-06-13,70.859,70.961,70.372,70.869,5491,61.92207,Up,Up,1,0.945999999999998,0.0
2025-06-13,70.879,71.965,70.846,71.815,6487,62.066433,Up,Up,1,0.5970000000000084,0.0
2025-06-13,71.814,72.478,71.339,72.412,8393,62.21626,Up,Down,0,0.0,0.6880000000000024
2025-06-13,72.436,72.554,71.496,71.724,5414,62.34526,Up,Up,1,0.09399999999999409,0.0
2025-06-13,71.718,72.275,71.68,71.818,3200,62.456085,Up,Up,1,1.0949999999999989,0.0
2025-06-15,74.587,75.069,72.884,72.913,7147,62.668518,Up,Down,0,0.0,0.013999999999995794
2025-06-15,72.922,73.441,72.811,72.899,2799,62.842224,Up,Down,0,0.0,0.5859999999999985
2025-06-16,72.903,72.944,72.127,72.313,2766,62.913704,Up,Up,1,0.18099999999999739,0.0
2025-06-16,72.299,72.524,71.512,72.494,5435,63.14732,Up,Down,0,0.0,0.16100000000000136
2025-06-16,72.5,72.59,72.043,72.333,2551,63.260704,Up,Down,0,0.0,0.16799999999999216
2025-06-16,72.328,72.373,71.905,72.165,1785,63.28721,Up,Up,1,0.06499999999999773,0.0
2025-06-16,72.167,72.421,72.13,72.23,1288,63.247776,Down,Down,1,0.2360000000000042,0.0
2025-06-16,72.234,72.339,71.733,71.994,2176,63.13472,Down,Up,0,0.0,0.17100000000000648
2025-06-16,71.998,72.292,71.573,72.165,3015,62.96345,Down,Down,1,0.8470000000000084,0.0
2025-06-16,72.17,72.336,71.184,71.318,3782,62.74421,Down,Down,1,0.3469999999999942,0.0
2025-06-16,71.329,71.495,70.954,70.971,5030,62.47013,Down,Up,0,0.0,0.02199999999999136
2025-06-16,70.975,71.162,70.765,70.993,2912,62.16269,Down,Down,1,0.5039999999999907,0.0
2025-06-16,70.99,71.347,70.474,70.489,2896,61.832436,Down,Up,0,0.0,0.030000000000001137
2025-06-16,70.488,71.047,70.456,70.519,3694,61.491943,Down,Down,1,0.37000000000000455,0.0
2025-06-16,70.53,70.822,69.872,70.149,5344,61.118958,Down,Down,1,1.4680000000000035,0.0
2025-06-16,70.143,70.978,68.546,68.681,9432,60.63774,Down,Up,0,0.0,0.06199999999999761
2025-06-16,68.686,69.337,68.002,68.743,11112,60.168175,Down,Up,0,0.0,1.1500000000000057
2025-06-16,68.738,69.931,68.736,69.893,7929,59.770046,Down,Up,0,0.0,0.47700000000000387
2025-06-16,69.892,70.402,69.547,70.37,5548,59.4477,Down,Down,1,0.22400000000000375,0.0
2025-06-16,70.375,70.557,69.86,70.146,4841,59.18721,Down,Down,1,0.26300000000000523,0.0
2025-06-16,70.141,70.554,69.813,69.883,4394,58.97977,Down,Up,0,0.0,0.1490000000000009
2025-06-16,69.877,70.092,69.848,70.032,1567,58.80872,Down,Up,0,0.0,0.14000000000000057
2025-06-16,70.042,70.19,69.891,70.172,1353,58.679276,Down,Up,0,0.0,1.0490000000000066
2025-06-16,69.772,71.582,69.691,71.221,2261,58.612785,Down,Up,0,0.0,0.6859999999999928
2025-06-16,71.227,72.251,70.922,71.907,2536,58.605804,Down,Down,1,1.0559999999999974,0.0
2025-06-17,71.881,72.106,70.694,70.851,4979,58.594402,Down,Up,0,0.0,0.2459999999999951
2025-06-17,70.836,71.098,70.285,71.097,3323,58.640846,Up,Down,0,0.0,0.028999999999996362
2025-06-17,71.083,71.921,70.731,71.068,4917,58.824493,Up,Down,0,0.0,0.3610000000000042
2025-06-17,71.089,71.204,70.526,70.707,2911,59.026005,Up,Up,1,0.2430000000000092,0.0
2025-06-17,70.697,71.005,70.697,70.95,1044,59.22481,Up,Down,0,0.0,0.15500000000000114
2025-06-17,70.974,71.117,70.689,70.795,1675,59.41187,Up,Down,0,0.0,0.7480000000000047
2025-06-17,70.76,70.803,69.793,70.047,3016,59.58009,Up,Up,1,1.225999999999999,0.0
2025-06-17,70.051,71.632,70.047,71.273,4018,59.750973,Up,Up,1,0.060000000000002274,0.0
2025-06-17,71.308,71.547,70.807,71.333,3623,59.93256,Up,Up,1,0.0730000000000075,0.0
2025-06-17,71.334,71.608,71.002,71.406,2844,60.093483,Up,Up,1,0.20599999999998886,0.0
2025-06-17,71.411,71.765,71.244,71.612,2423,60.242313,Up,Up,1,0.23400000000000887,0.0
2025-06-17,71.606,71.978,71.426,71.846,2701,60.383923,Up,Down,0,0.0,0.30100000000000193
2025-06-17,71.841,72.009,71.247,71.545,3481,60.50765,Up,Up,1,0.7210000000000036,0.0
2025-06-17,71.519,72.455,71.043,72.266,7278,60.584393,Up,Down,0,0.0,0.19000000000001194
2025-06-17,72.26,72.66,71.889,72.076,6642,60.676956,Up,Up,1,0.034000000000006025,0.0
2025-06-17,72.082,72.537,71.634,72.11,7439,60.763382,Up,Up,1,0.3050000000000068,0.0
2025-06-17,72.12,72.852,71.88,72.415,5996,60.878544,Up,Up,1,0.532999999999987,0.0
2025-06-17,72.405,73.064,72.296,72.948,3936,60.98052,Up,Up,1,0.6800000000000068,0.0
2025-06-17,72.958,73.803,72.842,73.628,5059,61.11887,Up,Down,0,0.0,0.284000000000006
2025-06-17,73.643,73.805,73.103,73.344,2869,61.286816,Up,Up,1,0.480000000000004,0.0
2025-06-17,73.354,73.981,73.227,73.824,2223,61.489666,Up,Down,0,0.0,0.021000000000000796
2025-06-17,73.934,74.123,73.46,73.803,1276,61.707,Up,Down,0,0.0,0.09799999999999898
2025-06-17,73.799,73.998,73.585,73.705,752,61.921337,Up,Down,0,0.0,0.117999999999995
2025-06-18,73.691,73.866,73.332,73.587,2138,62.12619,Up,Down,0,0.0,0.35600000000000875
2025-06-18,73.567,73.602,73.126,73.231,2792,62.35322,Up,Up,1,0.41800000000000637,0.0
2025-06-18,73.226,73.664,73.126,73.649,1555,62.58884,Up,Down,0,0.0,0.016999999999995907
2025-06-18,73.614,73.773,73.423,73.632,1842,62.833324,Up,Down,0,0.0,0.257000000000005
2025-06-18,73.642,73.701,73.355,73.375,863,63.06293,Up,Down,0,0.0,0.14700000000000557
2025-06-18,73.36,73.415,72.739,73.228,2376,63.265663,Up,Down,0,0.0,0.001999999999995339
2025-06-18,73.224,73.413,72.692,73.226,3112,63.45006,Up,Down,0,0.0,0.26500000000000057
2025-06-18,73.216,73.35,72.752,72.961,3120,63.61008,Up,Down,0,0.0,0.5090000000000003
2025-06-18,72.991,73.256,72.398,72.452,3527,63.90051,Up,Up,1,0.23900000000000432,0.0
2025-06-18,72.457,72.706,72.196,72.691,3269,64.12997,Up,Up,1,0.7469999999999999,0.0
2025-06-18,72.686,73.639,72.66,73.438,4144,64.34372,Up,Up,1,0.0030000000000001137,0.0
2025-06-18,73.428,73.716,73.195,73.441,2735,64.52481,Up,Up,1,0.11700000000000443,0.0
2025-06-18,73.451,73.818,73.362,73.558,3172,64.65054,Up,Up,1,0.6439999999999912,0.0
2025-06-18,73.553,74.331,73.464,74.202,6310,64.72687,Up,Down,0,0.0,2.1400000000000006
2025-06-18,74.197,74.257,71.395,72.062,11892,64.81415,Up,Up,1,0.3370000000000033,0.0
2025-06-18,72.057,72.675,71.746,72.399,5371,64.80232,Down,Up,0,0.0,0.48799999999999955
2025-06-18,72.4,72.901,71.917,72.887,4269,64.7541,Down,Up,0,0.0,0.27200000000000557
2025-06-18,72.871,73.492,72.811,73.159,3583,64.68811,Down,Up,0,0.0,0.4889999999999901
2025-06-18,73.164,73.777,73.074,73.648,3140,64.59891,Down,Down,1,0.43200000000000216,0.0
2025-06-18,73.633,73.996,72.23,73.216,3722,64.48013,Down,Down,1,0.06999999999999318,0.0
2025-06-18,73.215,73.571,72.977,73.146,1767,64.33942,Down,Up,0,0.0,0.2909999999999968
2025-06-18,72.868,73.556,72.868,73.437,753,64.192505,Down,Down,1,0.036000000000001364,0.0
2025-06-18,73.457,73.517,73.326,73.401,366,64.046745,Down,Down,1,0.4590000000000032,0.0
2025-06-19,73.406,73.475,72.882,72.942,1014,63.917652,Down,Up,0,0.0,0.33800000000000807
2025-06-19,72.942,73.807,72.682,73.28,2680,63.833607,Down,Up,0,0.0,0.19700000000000273
2025-06-19,73.26,73.578,73.189,73.477,1239,63.767452,Down,Down,1,0.043000000000006366,0.0
2025-06-19,73.467,73.537,73.344,73.434,851,63.72393,Down,Up,0,0.0,0.09799999999999898
2025-06-19,73.424,73.552,73.324,73.532,603,63.68429,Down,Up,0,0.0,0.1770000000000067
2025-06-19,73.522,74.071,73.481,73.709,1597,63.654335,Down,Up,0,0.0,0.6580000000000013
2025-06-19,73.709,74.377,73.608,74.367,2198,63.630306,Down,Down,1,0.38000000000000966,0.0
2025-06-19,74.367,74.518,73.757,73.987,2872,63.617767,Down,Down,1,0.1529999999999916,0.0
2025-06-19,74.007,74.157,73.725,73.834,3191,63.608555,Down,Down,1,0.14100000000000534,0.0
2025-06-19,73.824,74.092,73.482,73.693,2149,63.606422,Down,Up,0,0.0,0.4789999999999992
2025-06-19,73.693,74.262,73.593,74.172,2272,63.630596,Up,Up,1,0.3760000000000048,0.0
2025-06-19,74.182,74.588,74.102,74.548,1868,63.661205,Up,Down,0,0.0,0.1839999999999975
2025-06-19,74.558,74.607,74.304,74.364,2273,63.70908,Up,Up,1,0.39000000000000057,0.0
2025-06-19,74.354,75.083,74.254,74.754,4484,63.779453,Up,Up,1,0.44599999999999795,0.0
2025-06-19,74.744,75.371,74.544,75.2,4008,63.86106,Up,Down,0,0.0,0.11200000000000898
2025-06-19,75.2,75.74,74.599,75.088,5875,63.962906,Up,Up,1,0.5170000000000101,0.0
2025-06-19,75.078,75.645,74.847,75.605,3009,64.142166,Up,Down,0,0.0,2.372
2025-06-19,75.595,75.595,73.213,73.233,3789,64.397026,Up,Up,1,0.5989999999999895,0.0
2025-06-19,73.223,73.912,72.828,73.832,1327,64.60087,Up,Down,0,0.0,0.5419999999999874
2025-06-19,73.683,73.713,72.572,73.29,1515,64.76705,Up,Up,1,0.512999999999991,0.0
2025-06-19,73.29,73.818,73.27,73.803,834,64.89772,Up,Up,1,0.2120000000000033,0.0
2025-06-20,73.808,74.268,73.658,74.015,2366,65.01129,Up,Down,0,0.0,0.5019999999999953
2025-06-20,74.015,74.175,73.433,73.513,2555,65.106895,Up,Up,1,0.13799999999999102,0.0
2025-06-20,73.513,73.771,73.413,73.651,1753,65.18223,Up,Up,1,0.007000000000005002,0.0
2025-06-20,73.651,73.75,73.57,73.658,1002,65.246445,Up,Up,1,0.23799999999999955,0.0
2025-06-20,73.658,74.007,73.658,73.896,907,65.380974,Up,Down,0,0.0,0.7319999999999993
2025-06-20,73.886,74.104,73.009,73.164,1795,65.46178,Up,Up,1,0.5169999999999959,0.0
2025-06-20,73.144,73.786,73.144,73.681,2405,65.52378,Up,Up,1,0.1869999999999976,0.0
2025-06-20,73.671,73.968,73.331,73.868,2715,65.57339,Up,Up,1,0.008000000000009777,0.0
2025-06-20,73.888,74.246,73.858,73.876,3143,65.616264,Up,Down,0,0.0,0.09199999999999875
2025-06-20,73.876,74.224,73.706,73.784,2303,65.641464,Up,Up,1,0.10799999999998988,0.0
2025-06-20,73.754,73.953,73.483,73.892,2046,65.65455,Up,Down,0,0.0,0.7329999999999899
2025-06-20,73.901,74.051,72.301,73.159,4264,65.66121,Up,Up,1,0.12699999999999534,0.0
2025-06-20,73.149,73.488,72.857,73.286,4121,65.66354,Up,Down,0,0.0,0.22799999999999443
2025-06-20,73.306,73.545,72.768,73.058,5101,65.64454,Down,Up,0,0.0,0.5559999999999974
2025-06-20,73.068,73.724,73.028,73.614,4248,65.643814,Down,Down,1,0.0030000000000001137,0.0
2025-06-20,73.604,73.694,73.094,73.611,4497,65.651276,Up,Down,0,0.0,0.15100000000001046
2025-06-20,73.602,73.691,73.061,73.46,2806,65.66876,Up,Up,1,0.5840000000000032,0.0
2025-06-20,73.48,74.113,73.119,74.044,4237,65.70442,Up,Down,0,0.0,0.24099999999999966
2025-06-20,74.024,74.034,73.365,73.803,2921,65.74929,Up,Up,1,0.06799999999999784,0.0
2025-06-20,73.802,74.04,73.752,73.871,1329,65.80316,Up,Up,1,0.06799999999999784,0.0
2025-06-20,73.861,73.969,73.84,73.939,776,65.99304,Up,Up,1,1.1810000000000116,0.0
2025-06-22,77.512,77.661,75.014,75.12,7706,66.13573,Up,Up,1,0.4410000000000025,0.0
2025-06-22,75.11,75.651,75.067,75.561,2606,66.269684,Up,Up,1,0.11999999999999034,0.0
2025-06-23,75.551,75.941,75.401,75.681,2744,66.297035,Up,Down,0,0.0,0.597999999999999
2025-06-23,75.666,75.826,74.795,75.083,4926,66.323875,Up,Down,0,0.0,0.060000000000002274
2025-06-23,75.084,75.301,74.865,75.023,2596,66.295586,Down,Up,0,0.0,0.04800000000000182
2025-06-23,75.023,75.152,74.705,75.071,1898,66.24945,Down,Down,1,0.3990000000000009,0.0
2025-06-23,75.072,75.162,74.653,74.672,901,66.18072,Down,Up,0,0.0,0.18099999999999739
2025-06-23,74.682,74.911,74.306,74.853,2494,66.08486,Down,Down,1,0.17199999999999704,0.0
2025-06-23,74.862,74.931,74.534,74.681,2359,65.984856,Down,Down,1,0.7650000000000006,0.0
2025-06-23,74.69,74.771,73.734,73.916,3880,65.84326,Down,Down,1,0.3499999999999943,0.0
2025-06-23,73.925,73.986,72.964,73.566,4908,65.66338,Down,Up,0,0.0,0.546999999999997
2025-06-23,73.566,74.143,73.556,74.113,2870,65.482925,Down,Up,0,0.0,0.2849999999999966
2025-06-23,74.132,74.61,73.892,74.398,3000,65.3137,Down,Down,1,0.27899999999999636,0.0
2025-06-23,74.379,74.723,74.041,74.119,2534,65.155876,Down,Down,1,0.5619999999999976,0.0
2025-06-23,74.119,74.149,73.146,73.557,3827,64.98914,Down,Down,1,0.08100000000000307,0.0
2025-06-23,73.557,74.256,73.13,73.476,7490,64.83684,Down,Down,1,0.6380000000000052,0.0
2025-06-23,73.467,73.507,72.385,72.838,7101,64.65867,Down,Up,0,0.0,0.6950000000000074
2025-06-23,72.847,73.912,72.683,73.533,5890,64.50546,Down,Down,1,1.4200000000000017,0.0
2025-06-23,73.533,74.118,71.357,72.113,9667,64.342476,Down,Down,1,2.9710000000000036,0.0
2025-06-23,72.121,72.151,68.837,69.142,14382,64.139984,Down,Down,1,0.8259999999999934,0.0
2025-06-23,69.151,69.342,68.045,68.316,9566,63.90031,Down,Down,1,0.5150000000000006,0.0
2025-06-23,68.315,68.725,67.773,67.801,3434,63.659363,Down,Down,1,0.742999999999995,0.0
2025-06-23,67.811,67.86,66.463,67.058,4639,63.400333,Down,Down,1,1.6340000000000003,0.0
2025-06-23,67.498,67.653,64.868,65.424,4453,63.125942,Down,Up,0,0.0,0.2599999999999909
2025-06-23,65.42,65.684,64.232,65.684,2467,62.832325,Down,Up,0,0.0,0.1490000000000009
2025-06-24,65.683,66.325,65.163,65.833,5606,62.467064,Down,Up,0,0.0,0.394999999999996
2025-06-24,65.833,66.456,65.774,66.228,4336,62.163986,Down,Up,0,0.0,0.4590000000000032
2025-06-24,66.219,67.026,66.188,66.687,4644,62.06,Down,Up,0,0.0,0.028000000000005798
2025-06-24,66.677,66.805,66.091,66.715,2584,61.95707,Down,Down,1,0.26300000000000523,0.0
2025-06-24,66.705,66.775,66.276,66.452,1556,61.85691,Down,Down,1,0.7999999999999972,0.0
2025-06-24,66.462,66.502,65.503,65.652,2381,61.75127,Down,Down,1,0.35200000000000387,0.0
2025-06-24,65.661,65.702,64.51,65.3,5921,61.615017,Down,Up,0,0.0,0.9399999999999977
2025-06-24,65.31,66.763,65.31,66.24,6402,61.506367,Down,Down,1,0.17499999999999716,0.0
2025-06-24,66.26,66.758,65.716,66.065,5664,61.401154,Down,Up,0,0.0,0.05100000000000193
2025-06-24,66.056,66.297,65.788,66.116,3568,61.27478,Down,Up,0,0.0,0.3259999999999934
2025-06-24,66.128,66.645,65.978,66.442,3242,61.155354,Down,Down,1,0.556999999999988,0.0
2025-06-24,66.406,66.534,65.683,65.885,4083,61.028347,Down,Down,1,0.23499999999999943,0.0
2025-06-24,65.884,65.953,65.23,65.65,4448,60.895947,Down,Down,1,0.34499999999999886,0.0
2025-06-24,65.632,66.214,64.7,65.305,8873,60.78034,Down,Down,1,0.22700000000000387,0.0
2025-06-24,65.287,65.385,64.543,65.078,6182,60.635136,Down,Down,1,0.722999999999999,0.0
2025-06-24,65.068,65.31,64.31,64.355,5413,60.46708,Down,Down,1,0.32900000000000773,0.0
2025-06-24,64.354,64.495,63.819,64.026,3856,60.271763,Down,Up,0,0.0,0.6280000000000001
2025-06-24,64.034,64.713,64.004,64.654,2714,60.131973,Down,Down,1,0.16799999999999216,0.0
2025-06-24,64.671,64.693,64.082,64.486,3460,60.059097,Down,Up,0,0.0,0.23699999999999477
2025-06-24,64.487,64.91,64.294,64.723,1613,59.92182,Down,Up,0,0.0,0.07000000000000739
2025-06-24,64.733,64.951,64.683,64.793,1006,59.71106,Down,Up,0,0.0,0.12599999999999056
2025-06-24,64.894,65.199,64.849,64.919,752,59.43401,Down,equal,0,0.0,0.0
2025-06-24,64.919,64.938,64.819,64.919,352,59.087032,Down,Down,1,0.07399999999999807,0.0
2025-06-25,64.918,65.004,64.798,64.845,761,58.680244,Down,Up,0,0.0,0.20600000000000307
2025-06-25,64.854,65.133,64.854,65.051,1899,58.29362,Down,Down,1,0.06499999999999773,0.0
2025-06-25,65.052,65.15,64.927,64.986,1301,57.91317,Down,Up,0,0.0,0.009999999999990905
2025-06-25,64.985,65.159,64.956,64.996,976,57.55894,Down,Down,1,0.04899999999999238,0.0
2025-06-25,64.996,65.114,64.878,64.947,552,57.234947,Down,Up,0,0.0,0.27899999999999636
2025-06-25,64.956,65.255,64.858,65.226,1247,56.939373,Down,Up,0,0.0,0.016000000000005343
2025-06-25,65.207,65.343,65.016,65.242,1788,56.670635,Down,Up,0,0.0,0.04999999999999716
2025-06-25,65.243,65.425,65.192,65.292,2449,56.43649,Down,Down,1,0.2079999999999984,0.0
2025-06-25,65.283,65.311,64.852,65.084,3113,56.22804,Down,Down,1,0.18900000000000716,0.0
2025-06-25,65.073,65.114,64.648,64.895,2386,56.041332,Down,Down,1,0.15200000000000102,0.0
2025-06-25,64.888,64.888,64.542,64.743,1660,55.87883,Down,Down,1,0.2079999999999984,0.0
2025-06-25,64.761,64.792,64.316,64.535,2140,55.739365,Down,Up,0,0.0,0.257000000000005
2025-06-25,64.543,64.818,64.288,64.792,2556,55.625828,Down,Down,1,0.1740000000000066,0.0
2025-06-25,64.79,65.03,64.475,64.618,3706,55.531044,Down,Up,0,0.0,0.347999999999999
2025-06-25,64.617,65.234,64.505,64.966,5581,55.45364,Down,Up,0,0.0,0.31800000000001205
2025-06-25,64.975,65.412,64.957,65.284,4097,55.389584,Down,Up,0,0.0,0.07699999999999818
2025-06-25,65.292,65.73,65.168,65.361,2857,55.336296,Down,Down,1,0.3509999999999991,0.0
2025-06-25,65.37,65.542,65.009,65.01,2390,55.289154,Down,Down,1,0.03900000000000148,0.0
2025-06-25,65.029,65.148,64.592,64.971,2804,55.25294,Down,Down,1,0.03499999999999659,0.0
2025-06-25,64.97,65.018,64.801,64.936,906,55.225323,Down,Down,1,0.29400000000001114,0.0
2025-06-25,64.927,64.935,64.632,64.642,618,55.214508,Down,Up,0,0.0,0.3230000000000075
2025-06-25,64.708,64.996,64.708,64.965,436,55.208267,Down,Down,1,0.21000000000000796,0.0
2025-06-25,64.966,64.993,64.739,64.755,345,55.20201,Down,Up,0,0.0,0.04400000000001114
2025-06-26,64.746,64.848,64.608,64.799,701,55.218117,Up,Up,1,0.13700000000000045,0.0
2025-06-26,64.807,64.977,64.767,64.936,1728,55.3044,Up,Up,1,0.018999999999991246,0.0
2025-06-26,64.945,65.085,64.894,64.955,932,55.424004,Up,Down,0,0.0,0.06699999999999307
2025-06-26,64.955,64.984,64.798,64.888,706,55.570023,Up,Up,1,0.006000000000000227,0.0
2025-06-26,64.886,64.942,64.835,64.894,380,55.729855,Up,Down,0,0.0,0.012000000000000455
2025-06-26,64.903,64.953,64.842,64.882,726,55.892704,Up,Up,1,0.32499999999998863,0.0
2025-06-26,64.871,65.26,64.83,65.207,1466,56.046574,Up,Down,0,0.0,0.3849999999999909
2025-06-26,65.206,65.216,64.656,64.822,1806,56.171127,Up,Down,0,0.0,0.2740000000000009
2025-06-26,64.82,64.892,64.5,64.548,2580,56.273827,Up,Up,1,0.16899999999999693,0.0
2025-06-26,64.548,64.8,64.361,64.717,2225,56.36285,Up,Up,1,0.23900000000000432,0.0
2025-06-26,64.736,65.045,64.699,64.956,2091,56.44973,Up,Up,1,0.046999999999997044,0.0
2025-06-26,64.949,65.033,64.813,65.003,1526,56.53805,Up,Down,0,0.0,0.2819999999999965
2025-06-26,65.013,65.13,64.634,64.721,2118,56.6349,Up,Up,1,0.38299999999999557,0.0
2025-06-26,64.73,65.349,64.665,65.104,4261,56.740273,Up,Up,1,0.7040000000000077,0.0
2025-06-26,65.103,65.841,65.038,65.808,3903,56.802338,Up,Down,0,0.0,0.26400000000001
2025-06-26,65.818,66.08,65.504,65.544,3950,56.899567,Up,Up,1,0.18600000000000705,0.0
2025-06-26,65.552,65.802,65.418,65.73,2364,56.997536,Up,Down,0,0.0,0.5949999999999989
2025-06-26,65.73,65.75,65.062,65.135,3531,57.0859,Up,Down,0,0.0,0.16400000000000148
2025-06-26,65.151,65.175,64.676,64.971,2633,57.159367,Up,Up,1,0.14300000000000068,0.0
2025-06-26,64.959,65.177,64.95,65.114,1025,57.24881,Up,Down,0,0.0,0.2190000000000083
2025-06-26,65.124,65.215,64.835,64.895,730,57.3542,Up,Up,1,0.1869999999999976,0.0
2025-06-26,64.955,65.215,64.955,65.082,410,57.464092,Up,Down,0,0.0,0.01099999999999568
2025-06-26,65.081,65.106,65.052,65.071,145,57.577267,Up,Up,1,0.03100000000000591,0.0
2025-06-27,65.072,65.15,64.995,65.102,661,57.694088,Up,Up,1,0.19700000000000273,0.0
2025-06-27,65.13,65.326,65.12,65.299,1233,57.835545,Up,Down,0,0.0,0.0010000000000047748
2025-06-27,65.289,65.378,65.246,65.298,708,57.98987,Up,Down,0,0.0,0.11299999999999955
2025-06-27,65.296,65.336,65.176,65.185,621,58.156563,Up,Up,1,0.07800000000000296,0.0
2025-06-27,65.175,65.343,65.175,65.263,313,58.332138,Up,Up,1,0.0589999999999975,0.0
2025-06-27,65.264,65.382,65.233,65.322,759,58.512188,Up,Down,0,0.0,0.08299999999999841
2025-06-27,65.331,65.419,65.181,65.239,1383,58.68252,Up,Up,1,0.02599999999999625,0.0
2025-06-27,65.249,65.503,65.186,65.265,1866,58.834717,Up,Up,1,0.22100000000000364,0.0
2025-06-27,65.276,65.575,65.233,65.486,2380,58.98246,Up,Down,0,0.0,0.16200000000000614
2025-06-27,65.504,65.548,65.293,65.324,1782,59.118774,Up,Down,0,0.0,0.33799999999999386
2025-06-27,65.323,65.48,64.948,64.986,1373,59.284824,Up,Up,1,0.42199999999999704,0.0
2025-06-27,64.97,65.457,64.967,65.408,1724,59.436714,Up,Down,0,0.0,0.18300000000000693
2025-06-27,65.398,65.476,65.116,65.225,1913,59.573307,Up,Up,1,0.2670000000000101,0.0
2025-06-27,65.239,65.598,65.239,65.492,3308,59.69826,Up,Down,0,0.0,0.016000000000005343
2025-06-27,65.5,65.619,65.252,65.476,3039,59.895397,Up,Down,0,0.0,0.6110000000000042
2025-06-27,65.467,65.696,64.433,64.865,5731,60.03744,Up,Down,0,0.0,0.09799999999999898
2025-06-27,64.866,64.966,64.578,64.767,3253,60.07754,Up,Up,1,0.3610000000000042,0.0
2025-06-27,64.766,65.157,64.646,65.128,2896,60.10434,Up,Down,0,0.0,0.17900000000000205
2025-06-27,65.138,65.236,64.921,64.949,2569,60.144493,Up,Down,0,0.0,0.2009999999999934
2025-06-27,64.941,64.959,64.682,64.748,867,60.153076,Up,Down,0,0.0,0.02600000000001046
2025-06-27,64.757,64.829,64.681,64.722,688,60.13911,Down,Down,1,0.387999999999991,0.0
2025-06-29,64.623,64.733,64.284,64.334,939,60.102684,Down,Up,0,0.0,0.027000000000001023
2025-06-29,64.341,64.44,64.311,64.361,419,60.147003,Up,Down,0,0.0,0.14100000000000534
2025-06-30,64.359,64.376,64.058,64.22,730,60.10334,Down,Up,0,0.0,0.1560000000000059
2025-06-30,64.21,64.4,64.18,64.376,1534,59.997528,Down,Up,0,0.0,0.347999999999999
2025-06-30,64.367,64.82,64.358,64.724,1292,59.832497,Down,Down,1,0.03100000000000591,0.0
2025-06-30,64.715,64.792,64.645,64.693,525,59.64777,Down,Up,0,0.0,0.0589999999999975
2025-06-30,64.692,64.799,64.673,64.752,259,59.46546,Down,Up,0,0.0,0.2150000000000034
2025-06-30,64.743,64.977,64.731,64.967,703,59.299606,Down,Down,1,0.33899999999999864,0.0
2025-06-30,64.957,64.975,64.608,64.628,1271,59.144245,Down,Up,0,0.0,0.08799999999999386
2025-06-30,64.621,64.96,64.538,64.716,1833,58.994713,Down,Up,0,0.0,0.3090000000000117
2025-06-30,64.716,65.332,64.703,65.025,2344,58.855396,Down,Down,1,0.1530000000000058,0.0
2025-06-30,65.023,65.189,64.673,64.872,2006,58.71812,Down,Down,1,0.07899999999999352,0.0
2025-06-30,64.862,65.0,64.751,64.793,1612,58.582302,Down,Up,0,0.0,0.09099999999999397
2025-06-30,64.812,64.892,64.691,64.884,1614,58.451897,Down,Up,0,0.0,0.018000000000000682
2025-06-30,64.876,65.034,64.82,64.902,1693,58.33571,Down,Down,1,0.03700000000000614,0.0
2025-06-30,64.91,64.98,64.55,64.865,3634,58.222355,Down,Down,1,0.4679999999999893,0.0
2025-06-30,64.858,64.973,64.359,64.397,3247,58.115482,Down,Down,1,0.0040000000000048885,0.0
2025-06-30,64.398,64.572,64.204,64.393,3180,58.01062,Down,Up,0,0.0,0.26900000000000546
2025-06-30,64.402,64.664,64.333,64.662,2229,58.009987,Down,Down,1,0.17200000000001125,0.0
2025-06-30,64.663,64.73,64.462,64.49,1543,57.96566,Down,Up,0,0.0,0.06500000000001194
2025-06-30,64.492,64.706,64.393,64.555,1615,57.887245,Down,Up,0,0.0,0.001999999999995339
2025-06-30,64.555,64.572,64.417,64.557,698,57.824245,Down,Down,1,0.0379999999999967,0.0
2025-06-30,64.56,64.663,64.447,64.519,571,57.72113,Down,Up,0,0.0,0.015999999999991132
2025-06-30,64.517,64.572,64.463,64.535,192,57.5826,Down,Down,1,0.08199999999999363,0.0
2025-06-30,64.533,64.535,64.435,64.453,189,57.41609,Down,Up,0,0.0,0.016999999999995907
2025-07-01,64.444,64.523,64.393,64.47,412,57.32805,Down,Down,1,0.13500000000000512,0.0
2025-07-01,64.477,64.498,64.324,64.335,740,56.979977,Down,Down,1,0.0030000000000001137,0.0
2025-07-01,64.335,64.358,64.215,64.332,629,56.579384,Down,Down,1,0.031999999999996476,0.0
2025-07-01,64.34,64.371,64.241,64.3,546,56.102627,Down,Up,0,0.0,0.021000000000000796
2025-07-01,64.299,64.366,64.278,64.321,353,55.61876,Down,Up,0,0.0,0.11599999999999966
2025-07-01,64.322,64.45,64.276,64.437,711,55.162083,Down,Up,0,0.0,0.3269999999999982
2025-07-01,64.435,64.807,64.435,64.764,1494,54.770897,Down,Down,1,0.0969999999999942,0.0
2025-07-01,64.763,64.81,64.24,64.667,1932,54.442917,Down,Down,1,0.036000000000001364,0.0
2025-07-01,64.669,64.845,64.592,64.631,2363,54.1959,Down,Down,1,0.16100000000000136,0.0
2025-07-01,64.622,64.729,64.435,64.47,1730,54.022038,Down,Up,0,0.0,0.7990000000000066
2025-07-01,64.478,65.406,64.462,65.269,1928,53.868637,Down,Down,1,0.08299999999999841,0.0
2025-07-01,65.269,65.304,65.055,65.186,1699,53.817566,Down,Up,0,0.0,0.1839999999999975
2025-07-01,65.185,65.441,64.945,65.37,2134,53.84173,Up,Down,0,0.0,0.4660000000000082
2025-07-01,65.373,65.418,64.841,64.904,3282,53.942818,Up,Down,0,0.0,0.10599999999999454
2025-07-01,64.901,65.078,64.644,64.798,3156,54.101227,Up,Up,1,0.402000000000001,0.0
2025-07-01,64.795,65.2,64.747,65.2,3891,54.312267,Up,Down,0,0.0,0.03300000000000125
2025-07-01,65.198,65.276,64.995,65.167,2538,54.560413,Up,Down,0,0.0,0.1670000000000016
2025-07-01,65.161,65.181,64.912,65.0,1495,54.828026,Up,Up,1,0.06199999999999761,0.0
2025-07-01,65.002,65.082,64.838,65.062,1652,55.12146,Up,Up,1,0.12600000000000477,0.0
2025-07-01,65.064,65.208,65.0,65.188,651,55.42363,Up,Down,0,0.0,0.14400000000000546
2025-07-01,65.19,65.242,65.016,65.044,710,55.727474,Up,Down,0,0.0,0.09099999999999397
2025-07-01,65.025,65.063,64.953,64.953,240,56.03045,Up,Down,0,0.0,0.04800000000000182
2025-07-01,64.943,64.946,64.903,64.905,178,56.32012,Up,Down,0,0.0,0.04399999999999693
2025-07-02,64.903,65.068,64.861,64.861,512,56.58987,Up,Up,1,0.09499999999999886,0.0
2025-07-02,64.859,64.966,64.841,64.956,888,56.87187,Up,Up,1,0.006000000000000227,0.0
2025-07-02,64.965,65.033,64.941,64.962,569,57.03223,Up,Down,0,0.0,0.02400000000000091
2025-07-02,64.968,64.97,64.891,64.938,404,57.181374,Up,Up,1,0.046999999999997044,0.0
2025-07-02,64.932,64.987,64.917,64.985,167,57.315197,Up,Up,1,0.04200000000000159,0.0
2025-07-02,64.975,65.06,64.896,65.027,742,57.43215,Up,Down,0,0.0,0.21000000000000796
2025-07-02,65.027,65.065,64.74,64.817,973,57.564064,Up,Up,1,0.40100000000001046,0.0
2025-07-02,64.828,65.26,64.71,65.218,1573,57.691483,Up,Down,0,0.0,0.028000000000005798
2025-07-02,65.22,65.264,64.909,65.19,2404,57.79116,Up,Up,1,0.21399999999999864,0.0
2025-07-02,65.198,65.511,65.14,65.404,1955,57.8768,Up,Up,1,0.28300000000000125,0.0
2025-07-02,65.403,65.758,65.326,65.687,1534,57.94691,Up,Up,1,0.09799999999999898,0.0
2025-07-02,65.685,65.889,65.685,65.785,1292,58.123634,Up,Down,0,0.0,0.20999999999999375
2025-07-02,65.791,65.791,65.465,65.575,1686,58.19543,Up,Down,0,0.0,0.3760000000000048
2025-07-02,65.567,65.652,65.159,65.199,2805,58.192303,Down,Up,0,0.0,0.01999999999999602
2025-07-02,65.189,65.296,64.82,65.219,3974,58.108685,Down,Up,0,0.0,0.7330000000000041
2025-07-02,65.217,66.14,65.165,65.952,3818,57.994812,Down,Up,0,0.0,0.33200000000000784
2025-07-02,65.962,66.306,65.765,66.284,2465,57.869247,Down,Up,0,0.0,0.6299999999999955
2025-07-02,66.292,66.97,66.238,66.914,2959,57.75056,Down,Down,1,0.21300000000000807,0.0
2025-07-02,66.902,66.95,66.581,66.701,2525,57.63048,Down,Down,1,0.0799999999999983,0.0
2025-07-02,66.703,66.838,66.599,66.621,735,57.510498,Down,Up,0,0.0,0.28000000000000114
2025-07-02,66.623,66.927,66.597,66.901,772,57.396206,Down,Down,1,0.20999999999999375,0.0
2025-07-02,66.829,66.832,66.683,66.691,340,57.282513,Down,Down,1,0.07800000000000296,0.0
2025-07-02,66.685,66.721,66.609,66.613,171,57.17342,Down,Down,1,0.060000000000002274,0.0
2025-07-03,66.617,66.745,66.551,66.553,569,57.082813,Down,Down,1,0.2879999999999967,0.0
2025-07-03,66.561,66.581,66.23,66.265,1349,57.02502,Down,Up,0,0.0,0.01999999999999602
2025-07-03,66.257,66.305,66.162,66.285,598,56.987507,Down,Up,0,0.0,0.08400000000000318
2025-07-03,66.287,66.39,66.242,66.369,519,56.96523,Down,Down,1,0.001999999999995339,0.0
2025-07-03,66.369,66.403,66.327,66.367,315,56.9533,Down,Down,1,0.07500000000000284,0.0
2025-07-03,66.369,66.386,66.26,66.292,593,56.949154,Down,Down,1,0.02200000000000557,0.0
2025-07-03,66.289,66.463,66.188,66.27,1212,56.946926,Down,Down,1,0.060000000000002274,0.0
2025-07-03,66.278,66.338,66.057,66.21,1622,56.947327,Up,Up,1,0.12400000000000944,0.0
2025-07-03,66.227,66.424,66.063,66.334,2400,57.036716,Up,Down,0,0.0,0.07200000000000273
2025-07-03,66.334,66.375,66.069,66.262,1609,57.10639,Up,Up,1,0.43599999999999284,0.0
2025-07-03,66.26,66.734,66.26,66.698,1568,57.167995,Up,Up,1,0.07400000000001228,0.0
2025-07-03,66.688,66.913,66.55,66.772,1555,57.214085,Up,Down,0,0.0,0.02400000000000091
2025-07-03,66.77,66.841,66.472,66.748,2571,57.23896,Up,Down,0,0.0,0.24200000000000443
2025-07-03,66.741,66.752,66.335,66.506,2746,57.268497,Up,Down,0,0.0,0.18000000000000682
2025-07-03,66.508,66.831,65.927,66.326,3392,57.27112,Up,Up,1,0.010000000000005116,0.0
2025-07-03,66.318,66.392,65.946,66.336,3783,57.249695,Down,Down,1,0.11700000000000443,0.0
2025-07-03,66.328,66.348,66.126,66.219,1849,57.355217,Up,Up,1,0.11299999999999955,0.0
2025-07-03,66.217,66.461,66.209,66.332,1473,57.42765,Up,Up,1,0.15100000000001046,0.0
2025-07-03,66.327,66.493,66.235,66.483,1839,57.423824,Down,Up,0,0.0,0.08399999999998897
2025-07-03,66.475,66.617,66.473,66.567,487,57.360962,Down,Down,1,0.042999999999992156,0.0
2025-07-03,66.572,66.576,66.502,66.524,274,57.2493,Down,Down,1,0.006000000000000227,0.0
2025-07-03,66.466,66.533,66.361,66.518,213,57.102615,Down,Down,1,0.028000000000005798,0.0
2025-07-03,66.512,66.524,66.478,66.49,98,56.937504,Down,Down,1,0.028999999999996362,0.0
2025-07-04,66.49,66.51,66.347,66.461,471,56.789837,Down,Down,1,0.23199999999999932,0.0
2025-07-04,66.453,66.508,66.224,66.229,912,56.662754,Down,Down,1,0.09399999999999409,0.0
2025-07-04,66.217,66.247,66.133,66.135,473,56.527515,Down,Up,0,0.0,0.04800000000000182
2025-07-04,66.135,66.203,66.067,66.183,379,56.3968,Down,Up,0,0.0,0.125
2025-07-04,66.181,66.323,66.147,66.308,231,56.268177,Down,Down,1,0.0010000000000047748,0.0
2025-07-04,66.293,66.375,66.23,66.307,492,56.144337,Down,Down,1,0.22299999999999898,0.0
2025-07-04,66.309,66.319,66.041,66.084,1060,56.000626,Down,Up,0,0.0,0.25799999999999557
2025-07-04,66.092,66.435,66.078,66.342,1313,55.86835,Down,Down,1,0.4380000000000024,0.0
2025-07-04,66.354,66.354,65.846,65.904,2148,55.694656,Down,Down,1,0.262999999999991,0.0
2025-07-04,65.924,65.956,65.417,65.641,2261,55.469246,Down,Up,0,0.0,0.1869999999999976
2025-07-04,65.643,65.854,65.603,65.828,1243,55.299572,Down,Up,0,0.0,0.027000000000001023
2025-07-04,65.826,65.893,65.716,65.855,1096,55.175133,Down,Down,1,0.08299999999999841,0.0
2025-07-04,65.853,65.984,65.739,65.772,1290,55.09733,Down,Down,1,0.054000000000002046,0.0
2025-07-04,65.762,65.817,65.555,65.718,2153,55.057133,Down,Up,0,0.0,0.10199999999998965
2025-07-04,65.725,65.893,65.626,65.82,1799,55.079502,Up,Down,0,0.0,0.06599999999998829
2025-07-04,65.822,65.976,65.619,65.754,2290,55.122635,Up,Up,1,0.1039999999999992,0.0
2025-07-04,65.756,65.868,65.654,65.858,1273,55.182728,Up,Down,0,0.0,0.4930000000000092
2025-07-06,64.921,65.405,64.921,65.365,1736,55.220108,Up,Down,0,0.0,0.18899999999999295
2025-07-06,65.358,65.435,65.162,65.176,603,55.30875,Up,Down,0,0.0,0.019000000000005457
2025-07-07,65.178,65.178,64.8,65.157,1040,55.315952,Up,Down,0,0.0,0.0589999999999975
2025-07-07,65.138,65.248,64.837,65.098,1600,55.374767,Up,Up,1,0.09000000000000341,0.0
2025-07-07,65.092,65.251,65.037,65.188,734,55.477657,Up,Up,1,0.04999999999999716,0.0
2025-07-07,65.179,65.373,65.15,65.238,478,55.62713,Up,Up,1,0.23000000000000398,0.0
2025-07-07,65.241,65.528,65.228,65.468,470,55.81314,Up,Up,1,0.03999999999999204,0.0
2025-07-07,65.465,65.592,65.438,65.508,745,56.01289,Up,Up,1,0.13800000000000523,0.0
2025-07-07,65.511,65.646,65.457,65.646,1177,56.227715,Up,Up,1,0.1560000000000059,0.0
2025-07-07,65.646,65.833,65.502,65.802,1778,56.414692,Up,Up,1,0.340999999999994,0.0
2025-07-07,65.814,66.226,65.409,66.143,3578,56.576042,Up,Up,1,0.18999999999999773,0.0
2025-07-07,66.145,66.355,65.963,66.333,1961,56.711723,Up,Down,0,0.0,0.16199999999999193
2025-07-07,66.34,66.36,66.124,66.171,1633,56.81341,Up,Down,0,0.0,0.027000000000001023
2025-07-07,66.181,66.294,66.076,66.144,1181,56.87683,Up,Up,1,0.2009999999999934,0.0
2025-07-07,66.154,66.497,66.054,66.345,1748,56.907806,Up,Up,1,0.16899999999999693,0.0
2025-07-07,66.348,66.803,66.205,66.514,3485,56.87608,Down,Up,0,0.0,0.2560000000000002
2025-07-07,66.524,67.035,66.319,66.77,7294,56.810436,Down,Up,0,0.0,0.045000000000001705
2025-07-07,66.773,66.855,66.531,66.815,3082,56.766865,Down,Up,0,0.0,0.11700000000000443
2025-07-07,66.818,67.194,66.466,66.932,3214,56.761677,Down,Down,1,0.257000000000005,0.0
2025-07-07,66.922,66.948,66.591,66.675,2463,56.792767,Up,Up,1,0.5769999999999982,0.0
2025-07-07,66.671,67.479,66.454,67.252,3615,56.86114,Up,Down,0,0.0,0.0969999999999942
2025-07-07,67.256,67.301,67.145,67.155,806,56.96943,Up,Down,0,0.0,0.060000000000002274
2025-07-07,67.152,67.272,67.078,67.095,692,57.105434,Up,Down,0,0.0,0.18099999999999739
2025-07-07,67.064,67.103,66.887,66.914,347,57.25225,Up,Up,1,0.0309999999999917,0.0
2025-07-07,66.922,67.013,66.914,66.945,299,57.411507,Up,Down,0,0.0,0.16399999999998727
2025-07-08,66.943,67.0,66.731,66.781,533,57.54931,Up,Down,0,0.0,0.02400000000000091
2025-07-08,66.781,66.813,66.569,66.757,970,57.719727,Up,Up,1,0.04099999999999682,0.0
2025-07-08,66.75,66.828,66.613,66.798,776,57.962902,Up,equal,0,0.0,0.0
2025-07-08,66.805,66.869,66.761,66.798,457,58.21374,Up,Down,0,0.0,0.0589999999999975
2025-07-08,66.795,66.802,66.718,66.739,329,58.45838,Up,Up,1,0.12199999999999989,0.0
2025-07-08,66.746,66.952,66.653,66.861,694,58.705963,Up,Down,0,0.0,0.19599999999999795
2025-07-08,66.868,66.934,66.652,66.665,1215,58.926228,Up,Up,1,0.026999999999986812,0.0
2025-07-08,66.662,67.031,66.66,66.692,1926,59.128265,Up,Down,0,0.0,0.09899999999998954
2025-07-08,66.692,66.802,66.532,66.593,2314,59.307076,Up,Up,1,0.000999999999990564,0.0
2025-07-08,66.606,66.853,66.541,66.594,1796,59.510418,Up,Up,1,0.38000000000000966,0.0
2025-07-08,66.584,66.987,66.577,66.974,1469,59.62423,Up,Up,1,0.015999999999991132,0.0
2025-07-08,66.964,67.07,66.875,66.99,1316,59.653725,Up,Up,1,0.09199999999999875,0.0
2025-07-08,66.986,67.153,66.889,67.082,1531,59.614014,Down,Down,1,0.09099999999999397,0.0
2025-07-08,67.093,67.119,66.762,66.991,2745,59.57481,Down,Up,0,0.0,0.2990000000000066
2025-07-08,66.998,67.369,66.726,67.29,3532,59.51805,Down,Up,0,0.0,0.3079999999999927
2025-07-08,67.273,67.69,67.206,67.598,3073,59.39786,Down,Up,0,0.0,0.2819999999999965
2025-07-08,67.601,67.9,67.5,67.88,2418,59.216248,Down,Down,1,0.12399999999999523,0.0
2025-07-08,67.88,68.075,67.692,67.756,2001,59.002647,Down,Down,1,0.17600000000000193,0.0
2025-07-08,67.747,67.761,67.458,67.58,1764,58.758068,Down,Down,1,0.08299999999999841,0.0
2025-07-08,67.577,67.671,67.474,67.497,635,58.502052,Down,Down,1,0.12300000000000466,0.0
2025-07-08,67.494,67.577,67.317,67.374,760,58.237137,Down,Down,1,0.06399999999999295,0.0
2025-07-08,67.338,67.358,66.952,67.31,415,57.973526,Down,Down,1,0.058000000000006935,0.0
2025-07-08,67.313,67.339,67.242,67.252,167,57.72228,Down,Up,0,0.0,0.09799999999999898
2025-07-09,67.252,67.372,67.174,67.35,541,57.494274,Down,Down,1,0.012000000000000455,0.0
2025-07-09,67.347,67.379,67.219,67.338,1167,57.323204,Down,Down,1,0.04099999999999682,0.0
2025-07-09,67.335,67.388,67.281,67.297,725,57.191177,Down,Up,0,0.0,0.12600000000000477
2025-07-09,67.3,67.45,67.3,67.423,619,57.091785,Down,Down,1,0.10600000000000875,0.0
2025-07-09,67.416,67.432,67.317,67.317,318,57.01595,Down,Down,1,0.001999999999995339,0.0
2025-07-09,67.307,67.349,67.239,67.315,639,56.957508,Down,Up,0,0.0,0.08599999999999852
2025-07-09,67.308,67.438,67.248,67.401,1139,56.91676,Down,Up,0,0.0,0.4129999999999967
2025-07-09,67.404,67.844,67.404,67.814,1552,56.898716,Down,Up,0,0.0,0.2260000000000133
2025-07-09,67.818,68.07,67.781,68.04,1947,56.890144,Down,Down,1,0.25900000000000034,0.0
2025-07-09,68.037,68.05,67.688,67.781,1766,56.895683,Up,Down,0,0.0,0.12199999999999989
2025-07-09,67.771,67.817,67.585,67.659,1557,56.911568,Up,Up,1,0.012000000000000455,0.0
2025-07-09,67.672,67.743,67.538,67.671,1252,57.028694,Up,Down,0,0.0,0.16600000000001103
2025-07-09,67.667,67.785,67.316,67.505,1885,57.115612,Up,Down,0,0.0,0.4369999999999976
2025-07-09,67.518,67.518,66.878,67.068,3521,57.16492,Up,Up,1,0.42199999999999704,0.0
2025-07-09,67.061,67.564,66.897,67.49,4122,57.190033,Up,Up,1,0.3120000000000118,0.0
2025-07-09,67.487,67.826,67.42,67.802,3360,57.23476,Up,Up,1,0.03499999999999659,0.0
2025-07-09,67.812,67.911,67.504,67.837,1738,57.2629,Up,Down,0,0.0,0.08899999999999864
2025-07-09,67.841,67.961,67.641,67.748,1365,57.271576,Up,Down,0,0.0,0.33899999999999864
2025-07-09,67.751,67.758,67.386,67.409,1504,57.26066,Down,Up,0,0.0,0.007999999999995566
2025-07-09,67.416,67.469,67.343,67.417,638,57.235466,Down,equal,0,0.0,0.0
2025-07-09,67.42,67.452,67.382,67.417,410,57.206783,Down,Down,1,0.06700000000000728,0.0
2025-07-09,67.346,67.414,67.312,67.35,195,57.177742,Down,Down,1,0.03899999999998727,0.0
2025-07-09,67.353,67.383,67.272,67.311,165,57.1557,Down,Down,1,0.07800000000000296,0.0
2025-07-10,67.308,67.321,67.184,67.233,442,57.160423,Up,Up,1,0.1349999999999909,0.0
2025-07-10,67.233,67.517,67.233,67.368,828,57.211525,Up,Up,1,0.08400000000000318,0.0
2025-07-10,67.365,67.484,67.345,67.452,504,57.27916,Up,Down,0,0.0,0.0010000000000047748
2025-07-10,67.442,67.481,67.386,67.451,449,57.354977,Up,Up,1,0.1280000000000001,0.0
2025-07-10,67.441,67.6,67.421,67.579,320,57.440384,Up,Down,0,0.0,0.0689999999999884
2025-07-10,67.586,67.603,67.484,67.51,458,57.53587,Up,Up,1,0.012000000000000455,0.0
2025-07-10,67.517,67.69,67.429,67.522,1120,57.637768,Up,Down,0,0.0,0.132000000000005
2025-07-10,67.512,67.611,67.324,67.39,1647,57.742695,Up,Down,0,0.0,0.19899999999999807
2025-07-10,67.409,67.543,67.055,67.191,2150,57.84203,Up,Up,1,0.001999999999995339,0.0
2025-07-10,67.201,67.331,67.143,67.193,1666,57.941425,Up,Up,1,0.07800000000000296,0.0
2025-07-10,67.203,67.335,67.112,67.271,1165,58.06385,Up,Down,0,0.0,0.4989999999999952
2025-07-10,67.264,67.749,66.597,66.772,3142,58.092213,Up,Up,1,0.19499999999999318,0.0
2025-07-10,66.769,67.045,66.756,66.967,2030,58.129738,Up,Down,0,0.0,0.8919999999999959
2025-07-10,66.954,67.044,65.844,66.075,5887,58.15074,Up,Up,1,0.17499999999999716,0.0
2025-07-10,66.095,66.525,66.055,66.25,3190,58.19028,Up,Down,0,0.0,0.3889999999999958
2025-07-10,66.236,66.346,65.771,65.861,3066,58.24498,Up,Up,1,0.08799999999999386,0.0
2025-07-10,65.871,66.201,65.858,65.949,1951,58.321323,Up,Down,0,0.0,0.11899999999999977
2025-07-10,65.946,66.012,65.744,65.83,1607,58.410595,Up,Up,1,0.18900000000000716,0.0
2025-07-10,65.834,66.116,65.666,66.019,2160,58.528713,Up,Up,1,0.0589999999999975,0.0
2025-07-10,66.026,66.105,65.982,66.078,644,58.688965,Up,Down,0,0.0,0.05100000000000193
2025-07-10,66.075,66.081,65.974,66.027,494,58.830154,Up,Up,1,0.010000000000005116,0.0
2025-07-10,66.045,66.115,66.018,66.037,188,58.951378,Up,Down,0,0.0,0.06500000000001194
2025-07-10,66.04,66.06,65.932,65.972,181,59.045856,Up,Down,0,0.0,0.1419999999999959
2025-07-11,65.968,66.072,65.817,65.83,1227,59.112194,Up,Up,1,0.40800000000000125,0.0
2025-07-11,65.83,66.269,65.79,66.238,1410,59.179493,Up,Down,0,0.0,0.23799999999999955
2025-07-11,66.232,66.258,66.0,66.0,702,59.235973,Up,Up,1,0.012000000000000455,0.0
2025-07-11,66.003,66.096,65.923,66.012,685,59.27204,Up,Down,0,0.0,0.16200000000000614
2025-07-11,66.015,66.032,65.827,65.85,418,59.288643,Up,Up,1,0.13500000000000512,0.0
2025-07-11,65.843,66.089,65.843,65.985,760,59.289005,Up,Up,1,0.23499999999999943,0.0
2025-07-11,65.982,66.334,65.971,66.22,1222,59.289875,Up,Down,0,0.0,0.24500000000000455
2025-07-11,66.213,66.259,65.942,65.975,1759,59.269833,Down,Down,1,0.22499999999999432,0.0
2025-07-11,65.982,66.161,65.68,65.75,2433,59.252964,Down,Up,0,0.0,0.16899999999999693
2025-07-11,65.747,66.025,65.703,65.919,1824,59.242985,Down,Up,0,0.0,0.1980000000000075
2025-07-11,65.909,66.224,65.885,66.117,1753,59.21807,Down,Up,0,0.0,0.48799999999999955
2025-07-11,66.104,66.662,66.077,66.605,1634,59.189857,Down,Down,1,0.22500000000000853,0.0
2025-07-11,66.602,66.618,66.318,66.38,1905,59.220604,Up,Up,1,0.40500000000000114,0.0
2025-07-11,66.397,67.029,66.315,66.785,3255,59.212646,Down,Up,0,0.0,0.48799999999999955
2025-07-11,66.782,67.384,66.705,67.273,3482,59.12295,Down,Up,0,0.0,0.32800000000000296
2025-07-11,67.276,67.638,67.263,67.601,2791,58.98463,Down,Down,1,0.23199999999999932,0.0
2025-07-11,67.604,67.611,67.32,67.369,1972,58.869022,Down,Up,0,0.0,0.21699999999999875
2025-07-11,67.372,67.603,67.309,67.586,1242,58.780975,Down,Up,0,0.0,0.06400000000000716
2025-07-11,67.58,67.651,67.35,67.65,1881,58.71552,Down,Up,0,0.0,0.02599999999999625
2025-07-11,67.648,67.706,67.574,67.676,662,58.678474,Down,Up,0,0.0,0.08499999999999375
2025-07-11,67.67,67.796,67.583,67.761,681,58.662975,Down,Down,1,0.35499999999998977,0.0
2025-07-13,67.696,67.835,67.39,67.406,962,58.68621,Up,Up,1,0.09599999999998943,0.0
2025-07-13,67.404,67.518,67.389,67.502,431,58.741467,Up,Up,1,0.038000000000010914,0.0
2025-07-14,67.498,67.578,67.403,67.54,728,58.728584,Down,Down,1,0.14200000000001012,0.0
2025-07-14,67.538,67.585,67.335,67.398,1227,58.737736,Up,Up,1,0.07600000000000762,0.0
2025-07-14,67.385,67.478,67.351,67.474,681,58.741108,Up,Up,1,0.027999999999991587,0.0
2025-07-14,67.48,67.517,67.429,67.502,517,58.763527,Up,Up,1,0.04200000000000159,0.0
2025-07-14,67.506,67.58,67.474,67.544,306,58.798542,Up,Down,0,0.0,0.09600000000000364
2025-07-14,67.538,67.549,67.432,67.448,597,58.833523,Up,Up,1,0.08200000000000784,0.0
2025-07-14,67.45,67.617,67.403,67.53,1125,58.866444,Up,Up,1,0.563999999999993,0.0
2025-07-14,67.534,68.243,67.335,68.094,2567,58.88202,Up,Down,0,0.0,0.1699999999999875
2025-07-14,68.103,68.172,67.831,67.924,2466,58.909412,Up,Up,1,0.3119999999999976,0.0
2025-07-14,67.924,68.24,67.738,68.236,1768,58.942177,Up,Up,1,0.08499999999999375,0.0
2025-07-14,68.234,68.483,68.234,68.321,1841,59.00827,Up,Up,1,0.058000000000006935,0.0
2025-07-14,68.322,68.407,68.115,68.379,1523,59.09807,Up,Down,0,0.0,0.3610000000000042
2025-07-14,68.375,68.487,67.973,68.018,2093,59.21556,Up,Down,0,0.0,0.8449999999999989
2025-07-14,68.016,68.038,67.138,67.173,4650,59.28816,Up,Down,0,0.0,0.21999999999999886
2025-07-14,67.173,67.26,66.867,66.953,3361,59.40531,Up,Down,0,0.0,0.6219999999999999
2025-07-14,66.955,67.147,66.253,66.331,5999,59.349255,Down,Up,0,0.0,0.06499999999999773
2025-07-14,66.321,66.497,66.256,66.396,2353,59.24936,Down,Down,1,0.3649999999999949,0.0
2025-07-14,66.394,66.472,66.008,66.031,1945,59.07115,Down,Up,0,0.0,0.0689999999999884
2025-07-14,66.026,66.231,65.938,66.1,1822,58.895855,Down,Down,1,0.06299999999998818,0.0
2025-07-14,66.098,66.234,65.968,66.037,838,58.733463,Down,Down,1,0.13000000000000966,0.0
2025-07-14,66.037,66.051,65.877,65.907,554,58.56838,Down,Up,0,0.0,0.10300000000000864
2025-07-14,65.941,66.053,65.941,66.01,263,58.424934,Down,Down,1,0.0020000000000095497,0.0
2025-07-14,66.006,66.065,66.006,66.008,110,58.301838,Down,Down,1,0.17199999999999704,0.0
2025-07-15,66.012,66.012,65.791,65.836,580,58.162315,Down,Up,0,0.0,0.07099999999999795
2025-07-15,65.843,65.949,65.762,65.907,1294,58.076717,Down,Down,1,0.14399999999999125,0.0
2025-07-15,65.905,65.917,65.734,65.763,769,58.089996,Up,Down,0,0.0,0.05700000000000216
2025-07-15,65.767,65.773,65.649,65.706,597,58.120865,Up,Down,0,0.0,0.0040000000000048885
2025-07-15,65.722,65.732,65.617,65.702,328,58.16636,Up,Up,1,0.15500000000000114,0.0
2025-07-15,65.706,65.934,65.702,65.857,877,58.225685,Up,Down,0,0.0,0.2360000000000042
2025-07-15,65.857,65.967,65.513,65.621,1534,58.2788,Up,Down,0,0.0,0.08299999999999841
2025-07-15,65.617,65.645,65.412,65.538,1824,58.316544,Up,Up,1,0.1839999999999975,0.0
2025-07-15,65.548,65.75,65.443,65.722,2191,58.360733,Up,Down,0,0.0,0.000999999999990564
2025-07-15,65.724,66.172,65.644,65.721,2157,58.41109,Up,Up,1,0.10599999999999454,0.0
2025-07-15,65.717,65.851,65.597,65.827,1598,58.46884,Up,Up,1,0.22700000000000387,0.0
2025-07-15,65.831,66.105,65.727,66.054,1975,58.545937,Up,Down,0,0.0,0.12099999999999511
2025-07-15,66.062,66.233,65.901,65.933,2753,58.625816,Up,Down,0,0.0,0.14200000000001012
2025-07-15,65.929,66.178,65.7,65.791,4275,58.706356,Up,Up,1,0.015000000000000568,0.0
2025-07-15,65.795,65.983,65.535,65.806,3723,58.859753,Up,Down,0,0.0,0.11700000000000443
2025-07-15,65.802,66.239,65.547,65.689,4661,58.997734,Up,Down,0,0.0,0.269999999999996
2025-07-15,65.699,65.846,65.406,65.419,2416,59.156765,Up,Up,1,0.12100000000000932,0.0
2025-07-15,65.411,65.646,65.411,65.54,2029,59.200638,Up,Up,1,0.13400000000000034,0.0
2025-07-15,65.544,65.744,65.495,65.674,1699,59.218845,Up,Up,1,0.0519999999999925,0.0
2025-07-15,65.678,65.756,65.664,65.726,650,59.140053,Down,Up,0,0.0,0.013999999999995794
2025-07-15,65.72,65.83,65.669,65.74,684,58.996777,Down,Up,0,0.0,0.07699999999999818
2025-07-15,65.747,65.872,65.747,65.817,226,58.7959,Down,Up,0,0.0,0.056000000000011596
2025-07-15,65.821,65.89,65.817,65.873,186,58.549316,Down,Up,0,0.0,0.018999999999991246
2025-07-16,65.878,65.91,65.793,65.892,478,58.265083,Down,Up,0,0.0,0.08800000000000807
2025-07-16,65.886,65.988,65.855,65.98,828,57.99668,Down,Down,1,0.18300000000000693,0.0
2025-07-16,65.97,65.98,65.759,65.797,566,57.73175,Down,Down,1,0.04999999999999716,0.0
2025-07-16,65.787,65.836,65.727,65.747,357,57.474155,Down,Up,0,0.0,0.02200000000000557
2025-07-16,65.763,65.791,65.715,65.769,152,57.225876,Down,Up,0,0.0,0.012000000000000455
2025-07-16,65.765,65.919,65.765,65.781,642,56.99116,Down,Up,0,0.0,0.04899999999999238
2025-07-16,65.785,65.97,65.731,65.83,1082,56.771454,Down,Down,1,0.25499999999999545,0.0
2025-07-16,65.824,65.829,65.569,65.575,1313,56.56342,Down,Down,1,0.1389999999999958,0.0
2025-07-16,65.579,65.584,65.388,65.436,1692,56.36579,Down,Down,1,0.15400000000001057,0.0
2025-07-16,65.43,65.496,65.157,65.282,1884,56.17928,Down,Down,1,0.10299999999999443,0.0
2025-07-16,65.28,65.459,65.143,65.179,1562,56.01729,Down,Down,1,0.36700000000000443,0.0
2025-07-16,65.177,65.217,64.803,64.812,1761,55.852295,Down,Up,0,0.0,0.16599999999999682
2025-07-16,64.807,65.04,64.767,64.978,2167,55.712776,Down,Down,1,0.16799999999999216,0.0
2025-07-16,64.988,65.195,64.733,64.81,3672,55.6125,Down,Up,0,0.0,0.012999999999991019
2025-07-16,64.816,64.995,64.54,64.823,2642,55.525948,Down,Up,0,0.0,0.16600000000001103
2025-07-16,64.828,65.115,64.68,64.989,5790,55.472946,Down,Up,0,0.0,0.34499999999999886
2025-07-16,64.984,65.411,64.883,65.334,3096,55.470993,Down,Up,0,0.0,0.29999999999999716
2025-07-16,65.347,65.664,65.215,65.634,2925,55.49411,Up,Down,0,0.0,0.016999999999995907
2025-07-16,65.636,65.743,65.279,65.617,2360,55.541325,Up,Up,1,0.01099999999999568,0.0
2025-07-16,65.621,65.697,65.453,65.628,749,55.592163,Up,Down,0,0.0,0.06900000000000261
2025-07-16,65.633,65.652,65.519,65.559,542,55.651127,Up,Up,1,0.034000000000006025,0.0
2025-07-16,65.532,65.607,65.498,65.593,209,55.70502,Up,Up,1,0.016999999999995907,0.0
2025-07-16,65.588,65.625,65.568,65.61,109,55.757744,Up,Up,1,0.1880000000000024,0.0
2025-07-17,65.615,65.883,65.579,65.798,568,55.82791,Up,Down,0,0.0,0.10900000000000887
2025-07-17,65.792,65.871,65.655,65.689,982,55.928764,Up,Down,0,0.0,0.002999999999985903
2025-07-17,65.694,65.721,65.583,65.686,447,56.01056,Up,Up,1,0.053999999999987836,0.0
2025-07-17,65.68,65.831,65.652,65.74,549,56.146015,Up,Down,0,0.0,0.11299999999999955
2025-07-17,65.73,65.736,65.608,65.627,317,56.26663,Up,Up,1,0.018000000000000682,0.0
2025-07-17,65.631,65.665,65.596,65.645,541,56.37277,Up,Down,0,0.0,0.25499999999999545
2025-07-17,65.655,65.66,65.379,65.39,984,56.472706,Up,Down,0,0.0,0.1419999999999959
2025-07-17,65.4,65.44,65.204,65.248,1444,56.560635,Up,Up,1,0.14999999999999147,0.0
2025-07-17,65.255,65.602,65.191,65.398,2285,56.67467,Up,Up,1,0.029000000000010573,0.0
2025-07-17,65.402,65.534,65.18,65.427,1761,56.788395,Up,Up,1,0.16699999999998738,0.0
2025-07-17,65.423,65.704,65.418,65.594,1646,56.909584,Up,Up,1,0.043000000000006366,0.0
2025-07-17,65.593,65.661,65.414,65.637,1680,57.031853,Up,Down,0,0.0,0.07500000000000284
2025-07-17,65.632,65.94,65.538,65.562,2703,57.154232,Up,Down,0,0.0,0.06099999999999284
2025-07-17,65.592,65.704,65.282,65.501,3991,57.263687,Up,Up,1,0.33799999999999386,0.0
2025-07-17,65.495,65.85,65.298,65.839,3368,57.358925,Up,Up,1,0.1280000000000001,0.0
2025-07-17,65.84,66.103,65.794,65.967,3760,57.42108,Up,Up,1,0.31799999999999784,0.0
2025-07-17,65.977,66.331,65.921,66.285,2329,57.475147,Up,Down,0,0.0,0.1599999999999966
2025-07-17,66.286,66.331,66.087,66.125,1936,57.60659,Up,Up,1,0.3469999999999942,0.0
2025-07-17,66.125,66.492,66.117,66.472,1775,57.758743,Up,Down,0,0.0,0.016999999999995907
2025-07-17,66.476,66.514,66.385,66.455,500,57.92944,Up,Up,1,0.001999999999995339,0.0
2025-07-17,66.449,66.479,66.42,66.457,342,58.107048,Up,Down,0,0.0,0.0519999999999925
2025-07-17,66.415,66.475,66.394,66.405,233,58.28366,Up,Down,0,0.0,0.022999999999996135
2025-07-17,66.412,66.412,66.359,66.382,125,58.456097,Up,Up,1,0.11299999999999955,0.0
2025-07-18,66.379,66.521,66.333,66.495,483,58.615665,Up,Down,0,0.0,0.14800000000001035
2025-07-18,66.489,66.539,66.293,66.347,1024,58.781174,Up,equal,0,0.0,0.0
2025-07-18,66.343,66.394,66.282,66.347,627,58.93586,Up,Down,0,0.0,0.03699999999999193
2025-07-18,66.351,66.366,66.252,66.31,480,59.080105,Up,Up,1,0.3569999999999993,0.0
2025-07-18,66.31,66.752,66.29,66.667,764,59.210194,Up,Down,0,0.0,0.10000000000000853
2025-07-18,66.671,66.723,66.546,66.567,909,59.33426,Up,Up,1,0.3990000000000009,0.0
2025-07-18,66.571,67.123,66.506,66.966,2190,59.44978,Up,Down,0,0.0,0.3469999999999942
2025-07-18,66.957,66.961,66.544,66.619,2319,59.54689,Up,Up,1,0.2609999999999957,0.0
2025-07-18,66.62,66.885,66.487,66.88,2534,59.632824,Up,Up,1,0.30400000000000205,0.0
2025-07-18,66.895,67.304,66.79,67.184,2735,59.758976,Up,Down,0,0.0,0.3100000000000023
2025-07-18,67.188,67.244,66.838,66.874,1885,59.87626,Up,Up,1,0.41500000000000625,0.0
2025-07-18,66.864,67.289,66.763,67.289,1816,59.998234,Up,Down,0,0.0,0.06300000000000239
2025-07-18,67.289,67.668,67.194,67.226,3154,60.107635,Up,Down,0,0.0,0.18099999999999739
2025-07-18,67.217,67.305,66.915,67.045,3681,60.184105,Up,Up,1,0.23099999999999454,0.0
2025-07-18,67.046,67.391,67.046,67.276,3824,60.242527,Up,Down,0,0.0,0.7289999999999992
2025-07-18,67.271,67.311,66.097,66.547,6808,60.363823,Up,Down,0,0.0,0.37599999999999056
2025-07-18,66.551,66.551,66.146,66.171,2250,60.46729,Up,Down,0,0.0,0.07100000000001216
2025-07-18,66.181,66.352,66.075,66.1,1515,60.55968,Up,Up,1,0.18000000000000682,0.0
2025-07-18,66.099,66.315,66.045,66.28,1783,60.602287,Up,Down,0,0.0,0.11299999999999955
2025-07-18,66.275,66.335,66.102,66.167,762,60.619724,Up,Down,0,0.0,0.03300000000000125
2025-07-18,66.187,66.245,66.114,66.134,491,60.60377,null,null,null,0.0,0.0
